Date,HomeTeam,AwayTeam,FTHG,FTAG,FTR,HTHG,HTAG,HTR,HS,AS,HST,AST,B365H,B365D,B365A,BWH,BWD,BWA,IWH,IWD,IWA,PSH,PSD,PSA,WHH,WHD,WHA,VCH,VCD,VCA,AvgH,AvgD,AvgA
18/08/2018,키에보베로나,유벤투스,2,3,A,1,1,D,7,23,2,11,13,5.75,1.25,14,6.25,1.22,13,5.8,1.25,15.87,6.21,1.25,13,6,1.22,15,6,1.25,13.97833333,6.001666667,1.24
18/08/2018,라치오,나폴리,1,2,A,1,1,D,9,11,5,6,2.8,3.4,2.5,2.8,3.5,2.45,2.8,3.55,2.4,2.9,3.59,2.48,2.8,3.5,2.4,2.88,3.4,2.5,2.83,3.49,2.455
19/08/2018,볼로냐,SPAL,0,1,A,0,0,D,8,10,3,5,2.25,3.2,3.4,2.25,3.2,3.4,2.25,3.1,3.45,2.32,3.16,3.58,2.25,3.2,3.3,2.25,3.1,3.7,2.261666667,3.16,3.471666667
19/08/2018,엠폴리,칼리아리,2,0,H,1,0,H,9,12,4,5,2.14,3.2,3.6,2.15,3.25,3.6,2.15,3.3,3.45,2.22,3.26,3.6,2.25,3.25,3.25,2.25,3.13,3.6,2.193333333,3.231666667,3.516666667
19/08/2018,파르마 칼초,우디네세,2,2,D,1,0,H,9,16,6,6,2.45,3.3,2.9,2.45,3.2,3,2.45,3.15,3.05,2.51,3.2,3.18,2.5,3.2,2.9,2.6,3.1,3,2.493333333,3.191666667,3.005
19/08/2018,사수올로,인테르,1,0,H,1,0,H,7,11,5,4,5.5,4,1.61,5.25,3.9,1.65,5.4,4,1.6,5.96,4.19,1.61,5,3.8,1.65,6.25,3.9,1.6,5.56,3.965,1.62
19/08/2018,토리노,로마,0,1,A,0,0,D,8,16,5,13,3.5,3.5,2.1,3.5,3.6,2.05,3.4,3.55,2.1,3.59,3.59,2.14,3.4,3.6,2.05,3.6,3.5,2.1,3.498333333,3.556666667,2.09
20/08/2018,아탈란타,프로시노네,4,0,H,1,0,H,16,6,10,1,1.36,4.5,11,1.36,5,8.5,1.35,4.95,9.6,1.35,5.01,10.76,1.35,4.8,9,1.33,5,12,1.35,4.876666667,10.14333333
25/08/2018,유벤투스,라치오,2,0,H,1,0,H,14,8,9,3,1.36,5,8.5,1.36,5,8.5,1.38,4.95,8,1.36,5.2,10.07,1.36,4.75,8,1.33,5,10,1.358333333,4.983333333,8.845
25/08/2018,나폴리,AC 밀란,3,2,H,0,1,A,21,6,13,4,1.61,4,5.5,1.62,4,5.5,1.67,3.95,5.1,1.68,3.92,5.7,1.65,3.9,5,1.65,4,5.5,1.646666667,3.961666667,5.383333333
26/08/2018,칼리아리,사수올로,2,2,D,1,0,H,12,12,7,6,2.45,3.3,2.9,2.55,3.2,2.9,2.55,3.25,2.85,2.61,3.35,2.93,2.5,3.3,2.8,2.63,3.2,2.9,2.548333333,3.266666667,2.88
26/08/2018,피오렌티나,키에보베로나,6,1,H,2,0,H,19,5,15,3,1.5,4.33,6.5,1.45,4.4,7.5,1.5,4.2,6.7,1.46,4.52,8.32,1.44,4.4,7,1.45,4.5,7.5,1.466666667,4.391666667,7.253333333
26/08/2018,프로시노네,볼로냐,0,0,D,0,0,D,11,10,7,5,3.3,3,2.4,3.1,3.25,2.4,3.2,3.15,2.35,3.2,3.38,2.4,3.1,3.3,2.3,3.4,3,2.4,3.216666667,3.18,2.375
26/08/2018,제노아,엠폴리,2,1,H,2,0,H,10,12,4,8,1.95,3.4,4,2,3.3,4,2,3.3,4,2.03,3.36,4.23,2,3.3,3.9,2,3.25,4.33,1.996666667,3.318333333,4.076666667
26/08/2018,인테르,토리노,2,2,D,2,0,H,9,10,6,7,1.5,4.33,7,1.48,4.4,6.75,1.5,4.4,6.4,1.49,4.66,7.15,1.44,4.4,7,1.5,4.5,6.5,1.485,4.448333333,6.8
26/08/2018,SPAL,파르마 칼초,1,0,H,0,0,D,15,3,5,0,2.04,3.3,3.8,2.1,3.2,3.9,2.05,3.2,3.95,2.11,3.22,4.11,2.05,3.3,3.7,2.1,3.13,4.2,2.075,3.225,3.943333333
26/08/2018,우디네세,삼프도리아,1,0,H,1,0,H,13,9,5,4,2.4,3.25,3.1,2.4,3.2,3.1,2.35,3.35,3,2.44,3.45,3.06,2.38,3.4,2.9,2.38,3.25,3.2,2.391666667,3.316666667,3.06
27/08/2018,로마,아탈란타,3,3,D,1,3,A,21,17,11,10,1.72,3.75,5,1.7,4,4.75,1.7,3.9,4.9,1.72,4.13,4.98,1.7,4,4.5,1.7,3.8,5.25,1.706666667,3.93,4.896666667
31/08/2018,AC 밀란,로마,2,1,H,1,0,H,18,6,9,3,2.45,3.4,2.87,2.4,3.4,2.95,2.4,3.45,2.9,2.49,3.48,2.98,2.45,3.4,2.8,2.45,3.4,3,2.44,3.421666667,2.916666667
01/09/2018,볼로냐,인테르,0,3,A,0,0,D,7,10,1,4,7,4,1.53,6.25,3.9,1.57,6,3.8,1.6,6.79,3.99,1.59,5.8,4,1.57,7,3.8,1.57,6.473333333,3.915,1.571666667
01/09/2018,파르마 칼초,유벤투스,1,2,A,1,1,D,8,20,7,10,17,7,1.18,17.5,7,1.18,15,6.5,1.2,22.56,7.37,1.18,17,7.5,1.15,23,7.5,1.15,18.67666667,7.145,1.173333333
02/09/2018,아탈란타,칼리아리,0,1,A,0,1,A,8,4,5,3,1.55,4.2,6,1.53,4.2,6.25,1.6,4,5.5,1.55,4.24,6.91,1.57,4,5.8,1.53,4.1,7,1.555,4.123333333,6.243333333
02/09/2018,키에보베로나,엠폴리,0,0,D,0,0,D,11,12,5,4,2.3,3.2,3.3,2.4,3.1,3.2,2.2,3.2,3.5,2.45,3.25,3.22,2.38,3.25,3,2.4,3.13,3.3,2.355,3.188333333,3.253333333
02/09/2018,피오렌티나,우디네세,1,0,H,0,0,D,13,4,4,1,1.57,4,6,1.57,4,6,1.7,3.75,5,1.56,4.32,6.41,1.55,4.33,5.5,1.57,4.1,6.5,1.586666667,4.083333333,5.901666667
02/09/2018,라치오,프로시노네,1,0,H,0,0,D,17,7,8,5,1.22,6.5,13,1.22,6.25,14,1.22,6.5,12.5,1.21,7.09,16.74,1.17,6.5,17,1.2,7,13,1.206666667,6.64,14.37333333
02/09/2018,삼프도리아,나폴리,3,0,H,2,0,H,7,12,4,6,6.5,4.1,1.53,5.75,4.33,1.55,6,4,1.57,6.51,4.29,1.56,5.5,4.4,1.53,5.5,4.4,1.55,5.96,4.253333333,1.548333333
02/09/2018,사수올로,제노아,5,3,H,4,1,H,10,11,8,8,2.1,3.3,3.75,2.1,3.3,3.7,2.2,3.4,3.3,2.15,3.3,3.89,2.15,3.25,3.5,2.1,3.2,3.9,2.133333333,3.291666667,3.673333333
02/09/2018,토리노,SPAL,1,0,H,0,0,D,10,8,7,3,1.66,3.75,5.5,1.62,3.8,5.75,1.65,3.8,5.4,1.66,3.96,5.9,1.65,3.9,5,1.62,3.75,6.25,1.643333333,3.826666667,5.633333333
15/09/2018,프로시노네,삼프도리아,0,5,A,0,1,A,6,10,2,7,3.5,3.4,2.1,3.5,3.3,2.15,3.5,3.35,2.15,3.66,3.41,2.18,3.3,3.3,2.2,3.6,3.25,2.2,3.51,3.335,2.163333333
15/09/2018,인테르,파르마 칼초,0,1,A,0,0,D,24,8,11,6,1.25,6,12,1.26,5.75,12,1.25,6.1,11,1.26,6.03,14.48,1.25,6,11,1.25,6,15,1.253333333,5.98,12.58
15/09/2018,나폴리,피오렌티나,1,0,H,0,0,D,19,7,5,3,1.57,4.2,5.75,1.57,4.25,5.5,1.6,4,5.5,1.58,4.41,5.96,1.6,4.2,5,1.55,4.3,6.25,1.578333333,4.226666667,5.66
16/09/2018,칼리아리,AC 밀란,1,1,D,1,0,H,7,12,3,7,5,3.6,1.75,4.5,3.7,1.8,4.75,3.65,1.77,5.06,3.72,1.79,4.4,3.6,1.8,5.25,3.6,1.75,4.826666667,3.645,1.776666667
16/09/2018,엠폴리,라치오,0,1,A,0,0,D,10,16,3,9,5,3.8,1.7,4.75,3.9,1.72,4.55,3.95,1.73,4.83,4.11,1.74,5,3.8,1.65,5.2,3.9,1.7,4.888333333,3.91,1.706666667
16/09/2018,제노아,볼로냐,1,0,H,0,0,D,10,8,5,2,1.9,3.25,4.5,1.95,3.2,4.4,2,3.3,4,1.97,3.37,4.51,1.91,3.1,4.5,1.95,3.2,4.75,1.946666667,3.236666667,4.443333333
16/09/2018,유벤투스,사수올로,2,1,H,0,0,D,16,10,6,6,1.2,7,13,1.2,7,13,1.2,6.5,15,1.21,7.18,16.16,1.2,7,12,1.2,7,15,1.201666667,6.946666667,14.02666667
16/09/2018,로마,키에보베로나,2,2,D,2,0,H,15,10,9,5,1.22,6.5,13,1.22,6.75,12,1.25,6.1,11,1.24,6.71,13.78,1.22,6,12,1.22,7,12,1.228333333,6.51,12.29666667
16/09/2018,우디네세,토리노,1,1,D,1,0,H,7,9,3,4,2.9,3.25,2.5,2.85,3.3,2.5,2.85,3.3,2.5,2.97,3.41,2.53,2.8,3.3,2.5,3,3.2,2.55,2.895,3.293333333,2.513333333
17/09/2018,SPAL,아탈란타,2,0,H,0,0,D,13,13,6,4,4,3.5,1.95,4,3.5,1.95,4.1,3.5,1.9,4.51,3.53,1.92,4,3.5,1.91,4.4,3.5,1.91,4.168333333,3.505,1.923333333
19/09/2018,삼프도리아,피오렌티나,1,1,D,0,1,A,8,14,4,9,2.87,3.25,2.54,2.7,3.3,2.5,2.8,3.4,2.5,2.87,3.42,2.58,2.75,3.3,2.55,2.8,3.3,2.6,2.798333333,3.328333333,2.545
21/09/2018,사수올로,엠폴리,3,1,H,1,1,D,20,16,10,11,2.1,3.3,3.6,2.05,3.4,3.7,2.1,3.35,3.55,2.17,3.47,3.62,2.15,3.4,3.3,2.15,3.4,3.7,2.12,3.386666667,3.578333333
22/09/2018,피오렌티나,SPAL,3,0,H,2,0,H,15,5,5,2,1.61,3.6,6.5,1.57,3.9,6.25,1.63,3.85,5.7,1.63,3.83,6.43,1.63,3.8,5.5,1.62,3.8,6.5,1.615,3.796666667,6.146666667
22/09/2018,파르마 칼초,칼리아리,2,0,H,1,0,H,14,9,8,3,2.4,3.2,3.1,2.4,3.1,3.2,2.35,3.2,3.15,2.39,3.29,3.28,2.38,3.2,3.1,2.4,3.2,3.3,2.386666667,3.198333333,3.188333333
22/09/2018,삼프도리아,인테르,0,1,A,0,0,D,9,14,4,5,4.33,3.8,1.8,4.2,3.7,1.85,4.2,3.8,1.83,4.3,3.91,1.85,4,3.7,1.83,4.5,3.7,1.83,4.255,3.768333333,1.831666667
23/09/2018,볼로냐,로마,2,0,H,1,0,H,7,20,2,9,5.5,3.75,1.66,5.5,3.75,1.67,5,3.85,1.7,5.57,3.76,1.71,4.8,3.7,1.73,5.5,3.8,1.67,5.311666667,3.768333333,1.69
23/09/2018,키에보베로나,우디네세,0,2,A,0,0,D,10,9,4,7,3,3.2,2.5,3,3.2,2.45,3,3.15,2.5,3.04,3.21,2.57,2.8,3.2,2.55,3.1,3,2.55,2.99,3.16,2.52
23/09/2018,프로시노네,유벤투스,0,2,A,0,0,D,2,18,0,8,13,7.5,1.16,15.5,7.25,1.18,16,6.9,1.18,16.77,7.56,1.19,15,7,1.18,21,7.5,1.17,16.21166667,7.285,1.176666667
23/09/2018,라치오,제노아,4,1,H,2,0,H,16,8,8,4,1.44,4.33,8,1.44,4.6,7.25,1.45,4.7,6.7,1.46,4.85,7.26,1.44,4.75,6.5,1.44,4.33,8.5,1.445,4.593333333,7.368333333
23/09/2018,AC 밀란,아탈란타,2,2,D,1,0,H,14,13,8,8,2.04,3.5,3.6,2.05,3.4,3.7,2,3.45,3.75,2.06,3.44,3.94,2.05,3.4,3.6,2.05,3.4,3.9,2.041666667,3.431666667,3.748333333
23/09/2018,토리노,나폴리,1,3,A,0,2,A,9,13,3,8,4.5,3.8,1.75,4.4,3.8,1.78,4.4,3.75,1.77,4.69,3.84,1.8,4.33,3.7,1.8,4.75,3.7,1.8,4.511666667,3.765,1.783333333
25/09/2018,인테르,피오렌티나,2,1,H,1,0,H,11,11,3,8,1.66,3.8,5.5,1.67,3.7,5.5,1.75,3.6,4.9,1.66,3.98,5.66,1.67,3.9,5,1.65,3.9,6,1.676666667,3.813333333,5.426666667
26/09/2018,아탈란타,토리노,0,0,D,0,0,D,11,3,4,0,1.8,3.6,4.5,1.85,3.6,4.25,1.83,3.7,4.25,1.83,3.84,4.52,1.88,3.7,4,1.83,3.6,4.6,1.836666667,3.673333333,4.353333333
26/09/2018,칼리아리,삼프도리아,0,0,D,0,0,D,10,10,2,5,2.5,3.3,2.87,2.6,3.3,2.75,2.55,3.35,2.75,2.66,3.32,2.84,2.55,3.3,2.8,2.63,3.25,2.88,2.581666667,3.303333333,2.815
26/09/2018,제노아,키에보베로나,2,0,H,1,0,H,11,8,5,2,1.8,3.4,5,1.8,3.4,5,1.77,3.5,4.95,1.79,3.51,5.33,1.85,3.4,4.6,1.8,3.4,5.4,1.801666667,3.435,5.046666667
26/09/2018,유벤투스,볼로냐,2,0,H,2,0,H,15,5,9,2,1.16,7.5,17,1.16,7.5,18.5,1.17,7.5,15,1.16,8.13,23.18,1.15,8,17,1.14,8,26,1.156666667,7.771666667,19.44666667
26/09/2018,나폴리,파르마 칼초,3,0,H,1,0,H,20,2,8,0,1.22,6,15,1.19,6.75,15.5,1.2,7,13,1.2,7.16,18.44,1.22,6.5,13,1.18,7,20,1.201666667,6.735,15.82333333
26/09/2018,로마,프로시노네,4,0,H,3,0,H,18,8,13,3,1.2,7,13,1.19,7.25,13.5,1.2,7,13,1.19,7.37,17.67,1.22,7,12,1.17,7.5,19,1.195,7.186666667,14.695
26/09/2018,우디네세,라치오,1,2,A,0,0,D,10,5,6,2,4.2,3.75,1.85,4.1,3.6,1.9,3.7,3.5,2,4.25,3.73,1.9,4,3.7,1.88,4.33,3.6,1.87,4.096666667,3.646666667,1.9
27/09/2018,엠폴리,AC 밀란,1,1,D,0,1,A,4,16,3,11,5.25,3.75,1.7,5,3.8,1.7,4.8,3.9,1.7,5.2,4.03,1.7,4.6,3.9,1.73,5.25,3.8,1.7,5.016666667,3.863333333,1.705
27/09/2018,SPAL,사수올로,0,2,A,0,0,D,6,10,2,5,2.54,3.2,2.9,2.65,3.1,2.85,2.6,3.2,2.8,2.67,3.25,2.88,2.6,3.2,2.8,2.7,3.1,2.9,2.626666667,3.175,2.855
29/09/2018,인테르,칼리아리,2,0,H,1,0,H,12,4,8,1,1.33,5,10,1.33,5,10,1.35,5.3,8,1.33,5.39,10.27,1.33,5.25,9,1.33,5.5,9.5,1.333333333,5.24,9.461666667
29/09/2018,유벤투스,나폴리,3,1,H,1,1,D,14,9,9,6,1.8,3.6,4.75,1.8,3.5,4.75,1.75,3.7,4.8,1.81,3.63,4.99,1.8,3.6,4.5,1.83,3.5,5,1.798333333,3.588333333,4.798333333
29/09/2018,로마,라치오,3,1,H,1,0,H,10,11,7,5,2.37,3.5,2.9,2.4,3.5,2.85,2.3,3.6,2.95,2.35,3.6,3.11,2.4,3.4,3,2.38,3.5,3.1,2.366666667,3.516666667,2.985
30/09/2018,볼로냐,우디네세,2,1,H,1,1,D,11,10,6,2,2.5,3.1,3.1,2.65,2.95,3,2.5,3.1,3,2.71,3.06,3.03,2.6,3,3,2.6,3,3.1,2.593333333,3.035,3.038333333
30/09/2018,키에보베로나,토리노,0,1,A,0,0,D,8,13,3,5,3.75,3.2,2.1,3.6,3.5,2.05,3.8,3.2,2.1,4.05,3.32,2.09,3.7,3.25,2.1,4.1,3.25,2.05,3.833333333,3.286666667,2.081666667
30/09/2018,피오렌티나,아탈란타,2,0,H,0,0,D,6,11,4,4,2.25,3.3,3.25,2.25,3.4,3.2,2.3,3.3,3.15,2.27,3.57,3.3,2.3,3.4,3.1,2.3,3.25,3.4,2.278333333,3.37,3.233333333
30/09/2018,프로시노네,제노아,1,2,A,1,2,A,13,7,6,5,3.5,3.1,2.25,3.4,3.2,2.25,3.6,3.2,2.15,3.43,3.22,2.36,3.3,3.25,2.3,3.6,3.1,2.25,3.471666667,3.178333333,2.26
30/09/2018,파르마 칼초,엠폴리,1,0,H,1,0,H,7,10,3,6,2.3,3.2,3.3,2.2,3.3,3.4,2.3,3.2,3.3,2.35,3.38,3.29,2.3,3.3,3.2,2.3,3.2,3.4,2.291666667,3.263333333,3.315
30/09/2018,사수올로,AC 밀란,1,4,A,0,1,A,8,10,2,10,3.3,3.4,2.2,3.3,3.5,2.15,3.4,3.3,2.2,3.26,3.44,2.33,3.2,3.4,2.25,3.3,3.4,2.25,3.293333333,3.406666667,2.23
01/10/2018,삼프도리아,SPAL,2,1,H,1,1,D,16,10,9,4,1.8,3.6,4.33,1.85,3.75,4.1,1.8,3.6,4.5,1.81,3.72,4.82,1.83,3.5,4.5,1.8,3.5,5,1.815,3.611666667,4.541666667
05/10/2018,토리노,프로시노네,3,2,H,1,0,H,15,8,10,4,1.36,4.75,9,1.4,4.4,9,1.4,4.8,7.6,1.41,4.59,9.37,1.4,4.5,8.5,1.4,4.6,10,1.395,4.606666667,8.911666667
06/10/2018,칼리아리,볼로냐,2,0,H,1,0,H,8,10,5,4,2.04,3.25,3.8,2.05,3.3,3.9,2.05,3.2,3.9,2.1,3.3,4.05,2.05,3.2,3.9,2.1,3.13,4.1,2.065,3.23,3.941666667
06/10/2018,엠폴리,로마,0,2,A,0,1,A,11,7,4,4,5.5,4,1.61,5.25,4,1.65,5,4,1.65,5.37,4.2,1.65,5,4,1.67,5.5,4,1.65,5.27,4.033333333,1.646666667
06/10/2018,우디네세,유벤투스,0,2,A,0,2,A,5,13,4,7,9,4.75,1.36,9,5,1.36,7.6,4.8,1.4,9.8,4.79,1.39,8.5,4.75,1.38,11,5,1.33,9.15,4.848333333,1.37
07/10/2018,아탈란타,삼프도리아,0,1,A,0,0,D,15,6,6,3,1.6,4,5.5,1.57,4.1,5.75,1.75,3.8,4.6,1.66,4.03,5.58,1.65,4,5.25,1.6,4,6,1.638333333,3.988333333,5.446666667
07/10/2018,제노아,파르마 칼초,1,3,A,1,3,A,20,7,13,5,1.75,3.75,4.75,1.8,3.6,4.6,1.85,3.5,4.4,1.83,3.8,4.6,1.83,3.7,4.33,1.8,3.5,5,1.81,3.641666667,4.613333333
07/10/2018,라치오,피오렌티나,1,0,H,1,0,H,11,10,5,6,1.85,3.75,4.2,1.87,3.6,4.2,1.8,3.6,4.5,1.86,3.73,4.51,1.8,3.7,4.33,1.75,3.75,4.4,1.821666667,3.688333333,4.356666667
07/10/2018,AC 밀란,키에보베로나,3,1,H,2,0,H,14,4,7,2,1.25,5.75,12,1.3,5.5,10.5,1.33,5.5,8.4,1.28,5.84,12.11,1.29,5.5,11,1.25,6,15,1.283333333,5.681666667,11.50166667
07/10/2018,나폴리,사수올로,2,0,H,1,0,H,12,10,7,7,1.33,5.25,9,1.35,5.25,8.5,1.37,5,8,1.36,5.31,9.19,1.36,5.25,8,1.3,5.5,10.5,1.345,5.26,8.865
07/10/2018,SPAL,인테르,1,2,A,0,1,A,9,6,6,4,6,3.8,1.61,5.5,3.7,1.67,5.3,3.9,1.65,5.87,3.77,1.68,5.8,3.6,1.67,6.25,3.6,1.67,5.786666667,3.728333333,1.658333333
20/10/2018,유벤투스,제노아,1,1,D,1,0,H,13,5,4,2,1.2,7,13,1.22,6.25,14,1.21,6.6,13.5,1.2,7.14,16.09,1.18,6.5,17,1.2,7,13,1.201666667,6.748333333,14.43166667
20/10/2018,로마,SPAL,0,2,A,0,1,A,13,5,9,5,1.33,5.5,8.5,1.35,5.25,8.5,1.33,5.4,8.7,1.32,5.57,10.16,1.32,5.5,9,1.3,5.5,10.5,1.325,5.453333333,9.226666667
20/10/2018,우디네세,나폴리,0,3,A,0,1,A,7,9,4,4,6,3.9,1.6,6,4,1.57,5.8,4,1.6,6.45,4.02,1.6,6,3.9,1.57,6.5,4,1.57,6.125,3.97,1.585
21/10/2018,볼로냐,토리노,2,2,D,0,1,A,6,12,3,8,3.4,3.3,2.2,3.2,3.3,2.3,3.45,3.2,2.25,3.51,3.35,2.26,3.4,3.2,2.25,3.7,3,2.3,3.443333333,3.225,2.26
21/10/2018,키에보베로나,아탈란타,1,5,A,0,2,A,3,15,2,8,6,4,1.57,5.5,4,1.62,5,3.75,1.7,5.61,4.1,1.65,5.8,4,1.6,6.5,3.8,1.6,5.735,3.941666667,1.623333333
21/10/2018,피오렌티나,칼리아리,1,1,D,0,0,D,7,8,3,5,1.5,4.5,6,1.55,4.2,6,1.55,4.15,6.1,1.54,4.38,6.56,1.55,4.2,6,1.5,4.1,7.5,1.531666667,4.255,6.36
21/10/2018,프로시노네,엠폴리,3,3,D,1,1,D,5,15,4,10,2.9,3.25,2.5,3,3.2,2.5,2.9,3.25,2.5,3.03,3.22,2.6,2.9,3.2,2.5,3,3.2,2.55,2.955,3.22,2.525
21/10/2018,인테르,AC 밀란,1,0,H,0,0,D,14,9,7,2,2.45,3.25,3,2.4,3.25,3.1,2.35,3.35,3.05,2.4,3.37,3.22,2.45,3.25,3,2.4,3.3,3.13,2.408333333,3.295,3.083333333
21/10/2018,파르마 칼초,라치오,0,2,A,0,0,D,3,15,1,9,5.5,3.8,1.66,5.25,4,1.65,4.4,3.7,1.8,5.4,4.23,1.65,5.25,4,1.63,5.75,3.9,1.65,5.258333333,3.938333333,1.673333333
22/10/2018,삼프도리아,사수올로,0,0,D,0,0,D,7,7,2,2,2.2,3.3,3.4,2.15,3.4,3.4,2.1,3.55,3.35,2.16,3.64,3.47,2.15,3.5,3.3,2.2,3.4,3.4,2.16,3.465,3.386666667
27/10/2018,아탈란타,파르마 칼초,3,0,H,0,0,D,21,9,14,5,1.33,5.25,9,1.36,5.25,7.75,1.45,4.5,7,1.36,5.37,8.84,1.35,5.25,8.5,1.33,5.25,8,1.363333333,5.145,8.181666667
27/10/2018,엠폴리,유벤투스,1,2,A,1,0,H,6,12,4,7,12,5.75,1.25,11,6,1.26,11,6.1,1.25,11.67,5.58,1.3,10,5.8,1.29,12,5.75,1.29,11.27833333,5.83,1.273333333
27/10/2018,토리노,피오렌티나,1,1,D,1,1,D,12,8,4,5,2.4,3.25,3.1,2.5,3.3,2.9,2.4,3.3,3,2.47,3.35,3.1,2.45,3.25,3,2.5,3.2,3.1,2.453333333,3.275,3.033333333
28/10/2018,칼리아리,키에보베로나,2,1,H,1,0,H,12,12,4,5,1.61,3.8,6,1.67,3.75,5.5,1.65,3.8,5.4,1.64,3.96,5.95,1.65,3.8,5.5,1.62,3.7,6.25,1.64,3.801666667,5.766666667
28/10/2018,제노아,우디네세,2,2,D,1,0,H,11,11,5,8,2.1,3.2,3.8,2.15,3.1,3.75,2.1,3.25,3.75,2.14,3.36,3.84,2.1,3.25,3.75,2.1,3.2,4,2.115,3.226666667,3.815
28/10/2018,AC 밀란,삼프도리아,3,2,H,2,2,D,8,3,7,2,1.5,4.33,6.5,1.53,4.33,6,1.55,4.25,5.8,1.57,4.2,6.41,1.6,4.2,5.5,1.53,4.2,6.5,1.546666667,4.251666667,6.118333333
28/10/2018,나폴리,로마,1,1,D,0,1,A,18,7,6,5,1.72,3.75,4.75,1.78,3.7,4.6,1.8,3.7,4.4,1.78,4.01,4.62,1.78,3.9,4.33,1.75,3.8,4.8,1.768333333,3.81,4.583333333
28/10/2018,사수올로,볼로냐,2,2,D,1,1,D,11,10,6,6,1.9,3.25,4.5,1.91,3.4,4.25,2,3.4,3.8,1.95,3.39,4.57,1.95,3.3,4.2,1.95,3.25,4.6,1.943333333,3.331666667,4.32
28/10/2018,SPAL,프로시노네,0,3,A,0,1,A,10,5,5,4,1.8,3.75,4.5,1.8,3.5,4.75,1.77,3.55,4.95,1.77,3.65,5.29,1.78,3.6,4.75,1.75,3.5,5.25,1.778333333,3.591666667,4.915
29/10/2018,라치오,인테르,0,3,A,0,2,A,11,13,4,7,2.4,3.4,3,2.35,3.5,2.95,2.35,3.45,3,2.41,3.46,3.12,2.4,3.4,2.9,2.4,3.3,3.1,2.385,3.418333333,3.011666667
31/10/2018,AC 밀란,제노아,2,1,H,1,0,H,19,7,10,2,1.44,4.5,7.5,1.48,4.4,7,1.45,4.4,7.2,1.46,4.7,7.56,1.47,4.6,6.5,1.44,4.5,8,1.456666667,4.516666667,7.293333333
02/11/2018,나폴리,엠폴리,5,1,H,2,0,H,19,8,13,4,1.2,7,15,1.22,6.75,12.5,1.3,5.5,9.6,1.22,6.84,14.77,1.22,6.5,12,1.2,7,17,1.226666667,6.598333333,13.47833333
03/11/2018,피오렌티나,로마,1,1,D,1,0,H,11,11,3,6,2.7,3.4,2.6,2.65,3.3,2.7,2.7,3.3,2.6,2.65,3.62,2.69,2.6,3.5,2.62,2.7,3.4,2.7,2.666666667,3.42,2.651666667
03/11/2018,인테르,제노아,5,0,H,2,0,H,17,8,10,3,1.36,5,9,1.36,5.25,8.25,1.45,4.5,7.1,1.37,5.12,9.13,1.38,5,8,1.36,5,10,1.38,4.978333333,8.58
03/11/2018,유벤투스,칼리아리,3,1,H,2,1,H,11,4,5,3,1.16,7.5,17,1.16,7.75,18,1.17,7.5,15,1.17,7.56,20.5,1.18,7,15,1.17,7.5,21,1.168333333,7.468333333,17.75
04/11/2018,볼로냐,아탈란타,1,2,A,1,0,H,9,12,5,6,5,3.7,1.72,4.75,3.7,1.75,4.85,3.8,1.7,4.87,3.97,1.75,4.75,3.7,1.75,5.25,3.7,1.73,4.911666667,3.761666667,1.733333333
04/11/2018,키에보베로나,사수올로,0,2,A,0,1,A,1,8,1,4,3.6,3.4,2.1,3.6,3.4,2.1,3.6,3.35,2.1,3.68,3.45,2.15,3.5,3.4,2.15,3.75,3.25,2.15,3.621666667,3.375,2.125
04/11/2018,라치오,SPAL,4,1,H,2,1,H,18,5,11,3,1.33,5.25,10,1.34,5.25,9,1.35,5.2,8.8,1.35,5.23,10.07,1.35,5,9,1.33,5.25,11,1.341666667,5.196666667,9.645
04/11/2018,파르마 칼초,프로시노네,0,0,D,0,0,D,9,9,1,1,1.95,3.5,4,1.91,3.3,4.4,1.95,3.45,4.1,1.97,3.37,4.48,1.95,3.3,4.2,1.95,3.4,4.33,1.946666667,3.386666667,4.251666667
04/11/2018,삼프도리아,토리노,1,4,A,0,2,A,10,15,4,8,2.7,3.2,2.7,2.6,3.25,2.8,2.65,3.25,2.7,2.71,3.37,2.79,2.7,3.25,2.7,2.75,3.13,2.8,2.685,3.241666667,2.748333333
04/11/2018,우디네세,AC 밀란,0,1,A,0,0,D,11,15,4,9,4.2,3.5,1.9,4.1,3.6,1.9,4.1,3.6,1.9,4.15,3.74,1.93,4,3.6,1.91,4.33,3.5,1.91,4.146666667,3.59,1.908333333
09/11/2018,프로시노네,피오렌티나,1,1,D,0,0,D,5,16,3,10,5.25,3.6,1.7,5.25,3.7,1.7,5.1,3.5,1.75,5.29,3.66,1.77,4.8,3.7,1.73,5.75,3.6,1.73,5.24,3.626666667,1.73
10/11/2018,제노아,나폴리,1,2,A,1,0,H,8,13,3,7,7,4.5,1.44,6.5,4.33,1.5,6.4,4.45,1.5,6.69,4.54,1.51,6.5,4.33,1.5,7.5,4.6,1.45,6.765,4.458333333,1.483333333
10/11/2018,SPAL,칼리아리,2,2,D,1,0,H,8,11,4,3,2.45,3.1,3.1,2.6,3.1,2.95,2.6,3.05,2.9,2.71,3.07,3.03,2.55,3,3.1,2.6,3,3.1,2.585,3.053333333,3.03
10/11/2018,토리노,파르마 칼초,1,2,A,1,2,A,12,11,4,7,1.44,4.2,8.5,1.45,4.33,7.5,1.5,4.25,6.6,1.46,4.54,7.84,1.47,4.4,7,1.44,4.4,9,1.46,4.353333333,7.74
11/11/2018,아탈란타,인테르,4,1,H,1,0,H,16,6,10,2,2.75,3.3,2.6,2.75,3.4,2.55,2.7,3.4,2.6,2.78,3.46,2.66,2.7,3.4,2.6,2.8,3.3,2.7,2.746666667,3.376666667,2.618333333
11/11/2018,키에보베로나,볼로냐,2,2,D,2,1,H,12,12,6,6,2.9,3.2,2.6,2.85,3,2.7,2.9,3.1,2.6,2.96,3.17,2.69,2.88,3.1,2.62,3,3,2.7,2.915,3.095,2.651666667
11/11/2018,엠폴리,우디네세,2,1,H,1,0,H,9,22,5,9,2.2,3.3,3.5,2.3,3.3,3.2,2.2,3.3,3.35,2.28,3.42,3.39,2.25,3.3,3.3,2.25,3.2,3.5,2.246666667,3.303333333,3.373333333
11/11/2018,AC 밀란,유벤투스,0,2,A,0,1,A,5,12,2,8,4.75,3.75,1.72,4.75,3.9,1.72,4.1,3.5,1.9,4.91,3.88,1.76,4.4,3.8,1.78,5.2,3.6,1.75,4.685,3.738333333,1.771666667
11/11/2018,로마,삼프도리아,4,1,H,1,0,H,10,4,6,3,1.44,4.5,7,1.45,4.6,7,1.5,4.3,6.5,1.47,4.71,7.3,1.47,4.6,6.5,1.44,4.6,7.5,1.461666667,4.551666667,6.966666667
11/11/2018,사수올로,라치오,1,1,D,1,1,D,9,7,4,3,4,3.5,1.95,3.9,3.6,1.95,3.8,3.4,2,3.99,3.55,2.02,3.6,3.5,2.05,4,3.6,1.95,3.881666667,3.525,1.986666667
24/11/2018,인테르,프로시노네,3,0,H,1,0,H,25,5,14,4,1.25,6,12,1.26,6,11,1.27,6.1,10,1.24,6.56,13.32,1.22,6.5,12,1.22,6.5,13,1.243333333,6.276666667,11.88666667
24/11/2018,유벤투스,SPAL,2,0,H,1,0,H,12,8,8,1,1.14,8,19,1.16,7.5,19,1.15,7.5,20,1.15,8.24,25.21,1.14,7.5,23,1.17,7.5,21,1.151666667,7.706666667,21.20166667
24/11/2018,우디네세,로마,1,0,H,0,0,D,8,23,3,9,4.5,3.6,1.83,4.4,3.6,1.83,4.3,3.6,1.85,4.53,3.73,1.85,4.2,3.6,1.88,4.6,3.7,1.83,4.421666667,3.638333333,1.845
25/11/2018,볼로냐,피오렌티나,0,0,D,0,0,D,8,11,4,6,4,3.3,2.04,3.7,3.3,2.1,3.75,3.35,2.05,3.95,3.36,2.11,3.9,3.25,2.05,3.9,3.25,2.1,3.866666667,3.301666667,2.075
25/11/2018,엠폴리,아탈란타,3,2,H,1,2,A,12,8,8,5,5.25,4,1.66,4.75,3.8,1.75,4.6,4,1.7,4.89,4.02,1.74,5,3.8,1.7,5.2,3.9,1.7,4.948333333,3.92,1.708333333
25/11/2018,제노아,삼프도리아,1,1,D,1,1,D,10,6,5,2,2.6,3.3,2.75,2.6,3.25,2.8,2.65,3.3,2.7,2.75,3.3,2.8,2.62,3.2,2.75,2.75,3.2,2.75,2.661666667,3.258333333,2.758333333
25/11/2018,라치오,AC 밀란,1,1,D,0,0,D,16,9,6,4,1.85,3.75,4.2,1.83,3.8,4.1,1.8,3.8,4.3,1.83,3.87,4.47,1.8,3.75,4.4,1.8,3.75,4.6,1.818333333,3.786666667,4.345
25/11/2018,나폴리,키에보베로나,0,0,D,0,0,D,17,7,10,3,1.12,9,19,1.11,9.5,21,1.11,9.2,24,1.12,9.97,26.3,1.1,9.5,29,1.11,9.5,22,1.111666667,9.445,23.55
25/11/2018,파르마 칼초,사수올로,2,1,H,2,1,H,10,12,4,5,3.1,3.4,2.3,3.1,3.3,2.35,2.95,3.4,2.4,2.99,3.5,2.47,3,3.4,2.38,3.1,3.3,2.4,3.04,3.383333333,2.383333333
26/11/2018,칼리아리,토리노,0,0,D,0,0,D,3,8,1,5,2.9,3.2,2.54,2.9,3.2,2.55,2.95,3.2,2.5,2.9,3.33,2.64,2.9,3,2.62,3,3.1,2.6,2.925,3.171666667,2.575
01/12/2018,피오렌티나,유벤투스,0,3,A,0,1,A,12,9,7,6,6,3.75,1.61,5.75,3.9,1.62,5.5,3.8,1.65,5.69,3.8,1.69,5.8,3.8,1.63,6,3.7,1.65,5.79,3.791666667,1.641666667
01/12/2018,삼프도리아,볼로냐,4,1,H,3,1,H,8,8,6,4,2,3.3,4,1.95,3.3,4.2,1.93,3.35,4.2,1.97,3.34,4.55,1.95,3.3,4.33,1.95,3.4,4.33,1.958333333,3.331666667,4.268333333
01/12/2018,SPAL,엠폴리,2,2,D,1,2,A,9,13,5,8,2.4,3.3,3,2.45,3.25,3,2.4,3.3,3,2.48,3.27,3.16,2.4,3.2,3.1,2.45,3.2,3.2,2.43,3.253333333,3.076666667
02/12/2018,키에보베로나,라치오,1,1,D,1,0,H,5,19,2,7,8,4.2,1.44,7,4.1,1.5,6.5,4.3,1.5,7.31,4.59,1.48,8,4.4,1.44,8.5,4.5,1.44,7.551666667,4.348333333,1.466666667
02/12/2018,프로시노네,칼리아리,1,1,D,1,0,H,25,18,11,7,3,3.3,2.4,3.1,3.3,2.35,3.1,3.25,2.35,3.21,3.34,2.42,3.1,3.2,2.4,3.2,3.13,2.45,3.118333333,3.253333333,2.395
02/12/2018,AC 밀란,파르마 칼초,2,1,H,0,0,D,19,7,6,1,1.4,5,7.5,1.4,4.75,8.25,1.5,4.3,6.5,1.41,4.93,8.29,1.4,4.75,8,1.4,5,6.5,1.418333333,4.788333333,7.506666667
02/12/2018,로마,인테르,2,2,D,0,1,A,15,16,6,7,2.8,3.4,2.45,2.8,3.5,2.45,2.75,3.45,2.5,2.73,3.51,2.67,2.7,3.4,2.6,2.8,3.4,2.6,2.763333333,3.443333333,2.545
02/12/2018,사수올로,우디네세,0,0,D,0,0,D,17,3,3,1,1.9,3.5,4,1.91,3.5,4.1,1.95,3.5,3.9,1.99,3.58,4.09,1.95,3.5,4,1.95,3.4,4.3,1.941666667,3.496666667,4.065
02/12/2018,토리노,제노아,2,1,H,2,1,H,23,8,10,2,1.75,3.75,4.75,1.75,3.6,5,1.85,3.5,4.4,1.74,3.84,5.17,1.73,3.7,5,1.75,3.7,4.8,1.761666667,3.681666667,4.853333333
03/12/2018,아탈란타,나폴리,1,2,A,0,1,A,9,9,3,5,3.3,3.6,2.14,3.3,3.5,2.15,3.35,3.55,2.1,3.44,3.57,2.2,3.4,3.5,2.15,3.4,3.5,2.15,3.365,3.536666667,2.148333333
07/12/2018,유벤투스,인테르,1,0,H,0,0,D,14,8,6,4,1.53,3.8,6.5,1.55,3.9,6.75,1.6,4,5.5,1.56,3.98,7.13,1.55,3.8,7,1.55,3.9,7.5,1.556666667,3.896666667,6.73
08/12/2018,칼리아리,로마,2,2,D,0,2,A,10,14,5,7,4.5,3.6,1.83,4.33,3.7,1.83,4.3,3.75,1.8,4.55,3.87,1.82,4.4,3.75,1.8,4.5,3.7,1.83,4.43,3.728333333,1.818333333
08/12/2018,라치오,삼프도리아,2,2,D,0,1,A,20,4,11,3,1.44,4.75,7,1.44,4.6,7.25,1.42,4.8,7.2,1.43,4.99,7.63,1.4,4.75,8,1.4,4.8,9,1.421666667,4.781666667,7.68
08/12/2018,나폴리,프로시노네,4,0,H,2,0,H,18,6,10,2,1.16,8,15,1.16,7.5,17,1.17,7.5,15,1.16,8.12,20.57,1.14,8,21,1.15,8,22,1.156666667,7.853333333,18.42833333
09/12/2018,엠폴리,볼로냐,2,1,H,1,1,D,9,14,5,8,1.95,3.5,4,2,3.4,3.9,1.97,3.5,3.9,1.99,3.58,4.07,1.95,3.5,4,1.95,3.5,4.2,1.968333333,3.496666667,4.011666667
09/12/2018,제노아,SPAL,1,1,D,1,1,D,6,16,3,7,2,3.3,4,2,3.3,4.1,1.97,3.35,4.05,2,3.43,4.27,2,3.3,4,2,3.25,4.3,1.995,3.321666667,4.12
09/12/2018,AC 밀란,토리노,0,0,D,0,0,D,11,10,4,4,1.85,3.6,4.33,1.87,3.4,4.5,1.85,3.55,4.3,1.89,3.49,4.72,1.88,3.4,4.5,1.87,3.5,4.5,1.868333333,3.49,4.475
09/12/2018,파르마 칼초,키에보베로나,1,1,D,0,0,D,12,7,7,1,2.04,3.3,3.8,2,3.3,4,2.05,3.3,3.75,2.11,3.35,3.95,2.05,3.25,3.9,2.05,3.25,4,2.05,3.291666667,3.9
09/12/2018,사수올로,피오렌티나,3,3,D,0,0,D,11,11,7,6,2.8,3.2,2.6,2.75,3.2,2.7,2.8,3.2,2.6,2.92,3.23,2.68,2.8,3.2,2.62,2.88,3.13,2.7,2.825,3.193333333,2.65
09/12/2018,우디네세,아탈란타,1,3,A,1,1,D,5,12,2,4,4.33,3.75,1.8,4.25,3.6,1.87,4.3,3.7,1.83,4.57,3.7,1.85,4.33,3.5,1.88,4.6,3.6,1.85,4.396666667,3.641666667,1.846666667
15/12/2018,인테르,우디네세,1,0,H,0,0,D,15,7,4,1,1.3,5,11,1.36,5,9,1.4,4.8,7.6,1.34,5.26,10.32,1.32,5.25,10,1.33,5.5,7.5,1.341666667,5.135,9.236666667
15/12/2018,토리노,유벤투스,0,1,A,0,0,D,5,7,3,4,6.5,3.6,1.61,6.75,3.75,1.57,5.7,3.9,1.6,6.88,3.87,1.6,7,3.75,1.57,7,3.8,1.57,6.638333333,3.778333333,1.586666667
16/12/2018,칼리아리,나폴리,0,1,A,0,0,D,6,13,2,5,7.5,4.5,1.44,7.5,4.4,1.45,7.7,4.6,1.42,8.37,4.8,1.42,8.5,4.6,1.4,9.5,4.6,1.4,8.178333333,4.583333333,1.421666667
16/12/2018,피오렌티나,엠폴리,3,1,H,1,1,D,15,8,9,4,1.75,3.75,4.75,1.8,3.7,4.4,1.85,3.5,4.4,1.81,3.79,4.77,1.78,3.7,4.6,1.8,3.6,5,1.798333333,3.673333333,4.653333333
16/12/2018,프로시노네,사수올로,0,2,A,0,1,A,9,13,3,3,3.6,3.5,2.04,3.8,3.5,2,3.75,3.35,2.05,3.98,3.37,2.09,3.9,3.25,2.05,4,3.3,2.05,3.838333333,3.378333333,2.046666667
16/12/2018,로마,제노아,3,2,H,2,2,D,14,11,7,8,1.44,4.75,7,1.44,4.6,7.25,1.45,4.65,6.7,1.46,4.72,7.35,1.42,4.75,7.5,1.45,4.8,7,1.443333333,4.711666667,7.133333333
16/12/2018,삼프도리아,파르마 칼초,2,0,H,0,0,D,12,2,10,0,1.83,3.6,4.5,1.78,3.6,4.75,1.8,3.6,4.5,1.81,3.72,4.87,1.78,3.6,4.75,1.8,3.5,5,1.8,3.603333333,4.728333333
16/12/2018,SPAL,키에보베로나,0,0,D,0,0,D,10,8,3,6,2.04,3.3,3.8,2.1,3.2,3.9,2.05,3.25,3.9,2.07,3.29,4.16,2.05,3.2,4,2.05,3.2,4.2,2.06,3.24,3.993333333
17/12/2018,아탈란타,라치오,1,0,H,1,0,H,4,11,2,3,2.2,3.6,3.1,2.25,3.3,3.3,2.15,3.6,3.25,2.19,3.64,3.4,2.2,3.5,3.25,2.15,3.5,3.4,2.19,3.523333333,3.283333333
18/12/2018,볼로냐,AC 밀란,0,0,D,0,0,D,7,11,6,4,4.2,3.4,1.95,4.4,3.3,1.91,3.9,3.5,1.95,4.26,3.42,2,4.2,3.3,1.95,4.33,3.4,1.95,4.215,3.386666667,1.951666667
22/12/2018,키에보베로나,인테르,1,1,D,0,1,A,6,9,3,3,8.5,4.33,1.4,8.25,4.33,1.44,7.9,4.45,1.43,8.49,4.65,1.43,9,4.4,1.4,9.5,4.5,1.4,8.606666667,4.443333333,1.416666667
22/12/2018,엠폴리,삼프도리아,2,4,A,1,1,D,6,15,3,12,2.3,3.4,3.1,2.3,3.3,3.2,2.3,3.45,3.05,2.41,3.42,3.14,2.3,3.4,3.1,2.3,3.4,3.2,2.318333333,3.395,3.131666667
22/12/2018,제노아,아탈란타,3,1,H,1,0,H,15,10,7,6,4,3.6,1.9,4.2,3.6,1.87,3.95,3.65,1.9,4.08,3.68,1.96,4,3.6,1.91,4.2,3.6,1.91,4.071666667,3.621666667,1.908333333
22/12/2018,유벤투스,로마,1,0,H,1,0,H,15,4,7,4,1.44,4.33,8,1.44,4.4,8,1.41,4.6,7.8,1.42,4.8,8.31,1.4,4.6,8.5,1.4,4.6,8.5,1.418333333,4.555,8.185
22/12/2018,라치오,칼리아리,3,1,H,2,0,H,15,9,10,5,1.33,5,9,1.36,5,8.5,1.35,5.1,8.5,1.35,5.35,9.35,1.33,5,9.5,1.33,5.2,10.5,1.341666667,5.108333333,9.225
22/12/2018,AC 밀란,피오렌티나,0,1,A,0,0,D,11,7,7,1,2.3,3.25,3.25,2.25,3.3,3.3,2.25,3.35,3.25,2.33,3.3,3.42,2.25,3.2,3.4,2.25,3.25,3.5,2.271666667,3.275,3.353333333
22/12/2018,나폴리,SPAL,1,0,H,1,0,H,15,10,8,6,1.2,7,13,1.22,6.5,13.5,1.2,6.5,15,1.21,7.1,15.16,1.18,7.5,13,1.2,7.5,13,1.201666667,7.016666667,13.77666667
22/12/2018,파르마 칼초,볼로냐,0,0,D,0,0,D,7,5,1,2,2.54,3.1,3,2.45,3.1,3.1,2.55,3.1,2.95,2.56,3.11,3.2,2.55,3,3.1,2.6,3,3.1,2.541666667,3.068333333,3.075
22/12/2018,사수올로,토리노,1,1,D,0,0,D,11,4,6,3,2.62,3.2,2.8,2.7,3.25,2.7,2.6,3.15,2.85,2.62,3.22,3,2.62,3.1,2.88,2.7,3.1,2.9,2.643333333,3.17,2.855
22/12/2018,우디네세,프로시노네,1,1,D,1,0,H,9,10,1,6,1.7,3.7,5.25,1.72,3.75,5,1.7,3.75,5,1.72,3.86,5.27,1.7,3.7,5.25,1.7,3.7,5.5,1.706666667,3.743333333,5.211666667
26/12/2018,아탈란타,유벤투스,2,2,D,1,1,D,10,10,6,3,4.75,3.5,1.8,4.6,3.5,1.75,4.7,3.55,1.8,5.05,3.58,1.82,5,3.5,1.78,5,3.5,1.8,4.85,3.521666667,1.791666667
26/12/2018,볼로냐,라치오,0,2,A,0,1,A,6,11,3,7,5,3.8,1.72,4.75,3.7,1.7,4.8,3.85,1.73,4.96,3.94,1.75,5,3.8,1.7,5.25,3.8,1.7,4.96,3.815,1.716666667
26/12/2018,칼리아리,제노아,1,0,H,1,0,H,12,10,7,4,2.3,3.2,3.3,2.25,3.1,3.3,2.35,3.2,3.25,2.41,3.21,3.35,2.35,3.1,3.3,2.38,3.1,3.4,2.34,3.151666667,3.316666667
26/12/2018,피오렌티나,파르마 칼초,0,1,A,0,1,A,16,3,7,2,1.6,3.8,6,1.6,3.8,5.5,1.6,3.95,5.6,1.62,4.04,6.07,1.6,3.9,6,1.6,3.9,6.25,1.603333333,3.898333333,5.903333333
26/12/2018,프로시노네,AC 밀란,0,0,D,0,0,D,11,16,5,8,5.25,3.75,1.7,5.25,3.5,1.67,5.3,3.75,1.67,5.61,3.81,1.7,5.8,3.6,1.67,6,3.7,1.65,5.535,3.685,1.676666667
26/12/2018,인테르,나폴리,1,0,H,0,0,D,9,9,5,4,2.75,3.3,2.62,2.65,3.25,2.6,2.75,3.35,2.6,2.8,3.36,2.71,2.75,3.3,2.62,2.8,3.2,2.7,2.75,3.293333333,2.641666667
26/12/2018,로마,사수올로,3,1,H,2,0,H,16,8,10,3,1.61,4,5.25,1.62,4,5,1.67,3.95,4.85,1.7,3.92,5.36,1.67,3.9,5.25,1.65,4,5.4,1.653333333,3.961666667,5.185
26/12/2018,삼프도리아,키에보베로나,2,0,H,0,0,D,10,7,6,1,1.75,3.7,5,1.72,3.6,4.75,1.75,3.65,4.95,1.75,3.78,5.21,1.7,3.7,5.25,1.75,3.5,5.5,1.736666667,3.655,5.11
26/12/2018,SPAL,우디네세,0,0,D,0,0,D,7,3,4,1,2.5,3.1,3.1,2.4,3.1,3,2.4,3.1,3.15,2.47,3.18,3.28,2.4,3.1,3.2,2.5,3,3.25,2.445,3.096666667,3.163333333
26/12/2018,토리노,엠폴리,3,0,H,1,0,H,13,5,10,1,1.7,3.8,5,1.7,3.6,5,1.7,3.8,4.95,1.75,3.82,5.1,1.7,3.7,5.25,1.7,3.7,5.5,1.708333333,3.736666667,5.133333333
29/12/2018,키에보베로나,프로시노네,1,0,H,0,0,D,9,12,3,4,2.3,3,3.4,2.3,3.1,3.2,2.3,3.15,3.3,2.35,3.23,3.44,2.3,3.1,3.4,2.3,3.1,3.5,2.308333333,3.113333333,3.373333333
29/12/2018,엠폴리,인테르,0,1,A,0,0,D,7,7,3,6,6.5,4.2,1.5,5.5,4.1,1.55,6.2,4,1.55,6.24,4.43,1.55,6.5,4.2,1.52,7,4.33,1.5,6.323333333,4.21,1.528333333
29/12/2018,제노아,피오렌티나,0,0,D,0,0,D,7,8,3,6,2.54,3.25,2.7,2.7,3.1,2.65,2.7,3.2,2.7,2.82,3.24,2.77,2.75,3.1,2.75,2.75,3.13,2.8,2.71,3.17,2.728333333
29/12/2018,유벤투스,삼프도리아,2,1,H,1,1,D,15,7,8,3,1.2,6.5,13,1.2,6.25,13,1.27,5.8,10.5,1.22,6.46,15.91,1.2,6.5,17,1.2,6.5,19,1.215,6.335,14.735
29/12/2018,라치오,토리노,1,1,D,0,1,A,10,7,5,6,1.75,3.6,4.6,1.72,3.7,4.5,1.77,3.75,4.55,1.79,3.77,4.85,1.75,3.7,4.8,1.75,3.7,5,1.755,3.703333333,4.716666667
29/12/2018,AC 밀란,SPAL,2,1,H,1,1,D,11,9,6,4,1.5,4,7,1.5,4.1,6.25,1.5,4.2,6.6,1.51,4.38,7.14,1.5,4.2,7,1.5,4.2,7.5,1.501666667,4.18,6.915
29/12/2018,나폴리,볼로냐,3,2,H,1,1,D,14,10,9,4,1.28,5.5,10,1.25,5.5,11,1.25,6.1,11,1.27,5.97,12.9,1.24,5.8,15,1.25,5.75,15,1.256666667,5.77,12.48333333
29/12/2018,파르마 칼초,로마,0,2,A,0,0,D,3,19,2,8,4.75,3.8,1.7,4.5,3.6,1.75,4.2,3.7,1.85,4.91,3.86,1.77,5,3.7,1.73,5.25,3.8,1.7,4.768333333,3.743333333,1.75
29/12/2018,사수올로,아탈란타,2,6,A,0,2,A,13,13,8,9,3.4,3.5,2.04,3.2,3.4,2.15,3.25,3.3,2.25,3.5,3.58,2.17,3.4,3.4,2.15,3.6,3.5,2.1,3.391666667,3.446666667,2.143333333
29/12/2018,우디네세,칼리아리,2,0,H,1,0,H,19,4,7,1,2.3,3.1,3.2,2.35,3,3.2,2.45,3.05,3.2,2.52,3.07,3.32,2.45,3,3.25,2.5,3,3.3,2.428333333,3.036666667,3.245
19/01/2019,인테르,사수올로,0,0,D,0,0,D,8,11,4,6,1.4,4.75,8,1.42,4.75,7.5,1.42,4.75,7.2,1.43,4.86,7.84,1.4,4.6,8.5,1.4,4.8,7.5,1.411666667,4.751666667,7.756666667
19/01/2019,로마,토리노,3,2,H,2,0,H,11,8,9,3,1.6,4,5.75,1.65,3.8,5.5,1.65,4.1,5,1.65,4.16,5.47,1.62,4,5.5,1.6,4.1,5.75,1.628333333,4.026666667,5.495
19/01/2019,우디네세,파르마 칼초,1,2,A,0,1,A,17,7,9,4,2.1,3.1,4,2.1,3.2,3.9,2.1,3.2,3.8,2.15,3.19,4.05,2.1,3.1,4,2.15,3.1,4,2.116666667,3.148333333,3.958333333
20/01/2019,칼리아리,엠폴리,2,2,D,1,0,H,13,9,3,4,2,3.5,3.8,1.95,3.5,3.9,2,3.55,3.7,2.03,3.68,3.81,1.85,3.25,3.5,2,3.5,3.9,1.971666667,3.496666667,3.768333333
20/01/2019,피오렌티나,삼프도리아,3,3,D,1,1,D,8,9,4,5,1.8,3.6,4.5,1.8,3.7,4.5,1.8,3.7,4.5,1.83,3.79,4.59,1.7,3.4,4.2,1.83,3.5,4.75,1.793333333,3.615,4.506666667
20/01/2019,프로시노네,아탈란타,0,5,A,0,2,A,5,14,3,8,8.5,4.5,1.4,6.75,4.75,1.45,7.2,4.75,1.42,7.17,5,1.44,7,4.33,1.33,7.5,4.8,1.4,7.353333333,4.688333333,1.406666667
20/01/2019,나폴리,라치오,2,1,H,2,0,H,17,13,13,9,1.9,3.6,4,1.9,3.7,4,1.9,3.6,4.05,1.95,3.6,4.22,1.8,3.25,3.8,1.9,3.5,4.33,1.891666667,3.541666667,4.066666667
20/01/2019,SPAL,볼로냐,1,1,D,0,1,A,13,12,9,6,2.5,3.1,3.1,2.5,3.1,3.1,2.5,2.95,3.2,2.52,3.03,3.37,2.3,2.8,3,2.55,2.9,3.3,2.478333333,2.98,3.178333333
21/01/2019,제노아,AC 밀란,0,2,A,0,0,D,13,9,7,7,3.2,3.2,2.37,3.4,3.2,2.25,3.25,3.15,2.35,3.43,3.11,2.42,3.1,2.88,2.2,3.3,3.13,2.4,3.28,3.111666667,2.331666667
21/01/2019,유벤투스,키에보베로나,3,0,H,2,0,H,19,7,11,3,1.11,10,21,1.09,9.75,34,1.12,8.5,24,1.1,10.43,33.98,1.04,8.5,23,1.1,9.5,41,1.093333333,9.446666667,29.49666667
26/01/2019,AC 밀란,나폴리,0,0,D,0,0,D,12,14,7,8,3.75,3.5,2,3.75,3.5,2,3.65,3.45,2.05,3.78,3.65,2.05,3.7,3.5,2.05,3.9,3.4,2.05,3.755,3.5,2.033333333
26/01/2019,삼프도리아,우디네세,4,0,H,1,0,H,14,6,9,0,1.83,3.5,4.75,1.87,3.5,4.33,1.83,3.5,4.5,1.84,3.64,4.78,1.8,3.5,4.75,1.83,3.4,5,1.833333333,3.506666667,4.685
26/01/2019,사수올로,칼리아리,3,0,H,2,0,H,11,7,9,3,2,3.3,4,2.05,3.3,3.9,2,3.3,3.9,2.09,3.35,4,2.05,3.25,4,2.05,3.3,4.2,2.04,3.3,4
27/01/2019,아탈란타,로마,3,3,D,1,3,A,14,7,6,5,2.15,3.6,3.25,2.2,3.6,3.1,2.15,3.7,3.2,2.18,3.75,3.32,2.2,3.6,3.2,2.15,3.6,3.4,2.171666667,3.641666667,3.245
27/01/2019,볼로냐,프로시노네,0,4,A,0,2,A,8,4,2,4,1.65,3.75,5.5,1.67,3.7,5.5,1.65,3.7,5.8,1.65,3.92,6,1.63,3.75,5.8,1.65,3.5,6.25,1.65,3.72,5.808333333
27/01/2019,키에보베로나,피오렌티나,3,4,A,1,2,A,14,11,8,7,4.5,3.5,1.83,4.75,3.4,1.83,4.7,3.45,1.83,4.95,3.52,1.85,4.8,3.4,1.83,5.2,3.4,1.8,4.816666667,3.445,1.828333333
27/01/2019,라치오,유벤투스,1,2,A,0,0,D,11,4,5,3,4.2,3.5,1.9,4.4,3.5,1.87,4.3,3.5,1.87,4.52,3.55,1.91,4.5,3.5,1.83,4.75,3.4,1.87,4.445,3.491666667,1.875
27/01/2019,파르마 칼초,SPAL,2,3,A,1,0,H,9,15,5,6,2.4,3,3.3,2.45,3.1,3.1,2.45,3.05,3.2,2.52,3.07,3.3,2.45,3,3.2,2.5,3,3.3,2.461666667,3.036666667,3.233333333
27/01/2019,토리노,인테르,1,0,H,1,0,H,7,9,4,4,3.6,3.3,2.1,3.6,3.4,2.1,3.6,3.4,2.1,3.66,3.56,2.12,3.7,3.4,2.05,3.8,3.3,2.1,3.66,3.393333333,2.095
28/01/2019,엠폴리,제노아,1,3,A,0,1,A,13,12,7,7,2.37,3.4,3,2.35,3.4,3,2.3,3.45,3,2.37,3.65,3.04,2.3,3.5,3,2.38,3.3,3.13,2.345,3.45,3.028333333
02/02/2019,엠폴리,키에보베로나,2,2,D,1,2,A,11,10,9,4,1.95,3.5,4,1.95,3.5,3.9,1.95,3.55,3.9,2.01,3.55,4.05,1.95,3.5,4,1.95,3.5,4.2,1.96,3.516666667,4.008333333
02/02/2019,유벤투스,파르마 칼초,3,3,D,1,0,H,18,11,9,5,1.18,7,17,1.17,7.25,18,1.17,7.1,17,1.17,7.5,22.64,1.15,7.5,21,1.15,7.5,23,1.165,7.308333333,19.77333333
02/02/2019,나폴리,삼프도리아,3,0,H,2,0,H,18,8,14,2,1.36,5,8.5,1.36,5,9,1.35,5.3,8,1.37,5.07,9.45,1.35,4.8,9.5,1.33,5.2,10,1.353333333,5.061666667,9.075
03/02/2019,제노아,사수올로,1,1,D,1,1,D,4,11,2,8,2.5,3.3,2.87,2.55,3.1,2.95,2.55,3.25,2.85,2.68,3.3,2.86,2.55,3.2,2.9,2.63,3.2,2.88,2.576666667,3.225,2.885
03/02/2019,인테르,볼로냐,0,1,A,0,1,A,12,8,3,7,1.33,5.25,9,1.3,5.25,11.5,1.27,5.8,10.5,1.3,5.39,12.58,1.29,5.25,12,1.3,5.25,12,1.298333333,5.365,11.26333333
03/02/2019,로마,AC 밀란,1,1,D,0,1,A,11,6,9,5,2.15,3.5,3.4,2.15,3.4,3.4,2.2,3.5,3.2,2.2,3.53,3.47,2.2,3.4,3.3,2.15,3.5,3.4,2.175,3.471666667,3.361666667
03/02/2019,SPAL,토리노,0,0,D,0,0,D,8,5,1,1,3.7,3.25,2.15,3.6,3.1,2.2,3.7,3.1,2.15,3.84,3.23,2.19,3.75,3.1,2.15,3.9,3,2.2,3.748333333,3.13,2.173333333
03/02/2019,우디네세,피오렌티나,1,1,D,0,0,D,7,9,2,4,3.6,3.3,2.1,3.5,3.3,2.15,3.6,3.25,2.15,3.75,3.42,2.14,3.6,3.25,2.15,3.6,3.25,2.2,3.608333333,3.295,2.148333333
04/02/2019,칼리아리,아탈란타,0,1,A,0,0,D,8,10,2,6,5,4.1,1.66,5,3.8,1.7,4.95,4,1.67,5.16,4.21,1.67,5.25,4,1.63,5.4,4,1.65,5.126666667,4.018333333,1.663333333
04/02/2019,프로시노네,라치오,0,1,A,0,1,A,9,11,4,5,7,4.75,1.44,7.25,4.6,1.44,7.2,4.65,1.43,7.57,4.68,1.46,7.5,4.75,1.42,7,4.8,1.44,7.253333333,4.705,1.438333333
07/02/2019,라치오,엠폴리,1,0,H,1,0,H,8,3,4,1,1.3,5.25,9.5,1.33,5,10,1.33,5.4,8.6,1.34,5.41,9.7,1.33,5.25,9,1.33,5.5,9,1.326666667,5.301666667,9.3
08/02/2019,키에보베로나,로마,0,3,A,0,2,A,11,11,6,9,5.75,4.33,1.53,5.75,4.2,1.57,5,4,1.65,6,4.4,1.57,6,4.2,1.57,6.25,4.33,1.55,5.791666667,4.243333333,1.573333333
09/02/2019,피오렌티나,나폴리,0,0,D,0,0,D,10,12,4,4,4,3.6,1.9,3.9,3.7,1.91,3.85,3.6,1.95,3.91,3.74,1.99,3.9,3.6,1.95,4.1,3.5,1.95,3.943333333,3.623333333,1.941666667
09/02/2019,파르마 칼초,인테르,0,1,A,0,0,D,6,13,2,7,5.25,3.8,1.66,5,3.8,1.7,5,3.85,1.7,5.02,4.02,1.72,5.25,3.8,1.7,5.4,3.9,1.67,5.153333333,3.861666667,1.691666667
10/02/2019,아탈란타,SPAL,2,1,H,0,1,A,8,5,5,3,1.28,5.5,11,1.28,5.5,11,1.3,5.5,9.6,1.3,5.88,10.5,1.29,5.5,12,1.29,5.75,12,1.29,5.605,11.01666667
10/02/2019,볼로냐,제노아,1,1,D,1,1,D,7,9,4,6,2.25,3.1,3.5,2.3,3.2,3.3,2.25,3.2,3.4,2.28,3.31,3.52,2.25,3.2,3.5,2.25,3.1,3.6,2.263333333,3.185,3.47
10/02/2019,AC 밀란,칼리아리,3,0,H,2,0,H,17,7,10,3,1.4,4.75,8.5,1.4,4.6,8.25,1.42,4.5,7.8,1.41,4.75,8.94,1.42,4.6,8.5,1.4,4.6,9,1.408333333,4.633333333,8.498333333
10/02/2019,삼프도리아,프로시노네,0,1,A,0,1,A,11,3,7,1,1.5,4,8,1.53,4.1,6.75,1.5,4.15,7,1.51,4.3,7.47,1.5,4,8,1.45,4.1,8.5,1.498333333,4.108333333,7.62
10/02/2019,사수올로,유벤투스,0,3,A,0,1,A,9,10,2,5,7,3.75,1.57,6.25,4.1,1.55,5.9,4.15,1.57,6.31,4.22,1.57,6.5,4.2,1.55,7,4.1,1.53,6.493333333,4.086666667,1.556666667
10/02/2019,토리노,우디네세,1,0,H,1,0,H,12,10,7,6,1.72,3.6,5.25,1.7,3.6,5.5,1.7,3.6,5.2,1.74,3.71,5.43,1.73,3.6,5.5,1.7,3.5,6,1.715,3.601666667,5.48
15/02/2019,유벤투스,프로시노네,3,0,H,2,0,H,11,7,8,1,1.12,9.5,19,1.12,9.25,21,1.15,7.6,18.5,1.12,9.76,28.57,1.11,9,26,1.13,9.5,21,1.125,9.101666667,22.345
16/02/2019,아탈란타,AC 밀란,1,3,A,1,1,D,12,6,5,3,2,3.4,3.9,2.05,3.4,3.7,2.1,3.4,3.5,2.04,3.55,3.92,2.05,3.4,3.75,2.05,3.4,3.9,2.048333333,3.425,3.778333333
16/02/2019,칼리아리,파르마 칼초,2,1,H,0,1,A,12,6,3,3,2,3.3,4,2.05,3.3,3.9,2,3.35,3.95,2.03,3.53,4,2,3.4,3.9,2,3.3,4.2,2.013333333,3.363333333,3.991666667
17/02/2019,엠폴리,사수올로,3,0,H,2,0,H,7,5,6,2,2.7,3.4,2.6,2.75,3.2,2.7,2.7,3.35,2.6,2.76,3.39,2.73,2.7,3.3,2.62,2.75,3.3,2.7,2.726666667,3.323333333,2.658333333
17/02/2019,제노아,라치오,2,1,H,0,1,A,14,6,6,6,3.2,3.4,2.25,3.4,3.3,2.2,3.25,3.4,2.25,3.35,3.34,2.34,3.3,3.3,2.25,3.3,3.3,2.3,3.3,3.34,2.265
17/02/2019,인테르,삼프도리아,2,1,H,0,0,D,14,6,7,2,1.61,3.75,6,1.6,3.9,6,1.57,4,5.8,1.59,4.02,6.53,1.57,3.8,6,1.55,4,7,1.581666667,3.911666667,6.221666667
17/02/2019,나폴리,토리노,0,0,D,0,0,D,20,6,10,1,1.44,4.33,8,1.44,4.4,7.75,1.45,4.45,7.2,1.44,4.45,8.85,1.42,4.33,8.5,1.44,4.5,8.5,1.438333333,4.41,8.133333333
17/02/2019,SPAL,피오렌티나,1,4,A,1,1,D,6,15,4,9,3.6,3.2,2.15,3.5,3.1,2.25,3.4,3.1,2.3,3.5,3.21,2.34,3.5,3.1,2.25,3.7,3.1,2.25,3.533333333,3.135,2.256666667
17/02/2019,우디네세,키에보베로나,1,0,H,0,0,D,11,13,7,9,1.83,3.4,4.75,1.8,3.4,5,1.83,3.45,4.7,1.85,3.54,4.91,1.8,3.4,5,1.8,3.4,5.25,1.818333333,3.431666667,4.935
18/02/2019,로마,볼로냐,2,1,H,0,0,D,9,14,4,10,1.44,4.33,8,1.44,4.75,7,1.45,4.65,6.8,1.44,4.8,7.57,1.42,4.6,8,1.4,4.75,8.5,1.431666667,4.646666667,7.645
22/02/2019,AC 밀란,엠폴리,3,0,H,0,0,D,10,4,7,1,1.44,4.33,7,1.44,4.5,7.5,1.45,4.4,7.2,1.47,4.49,7.78,1.5,4.2,7,1.45,4.4,8,1.458333333,4.386666667,7.413333333
23/02/2019,프로시노네,로마,2,3,A,1,2,A,9,7,5,5,6.5,4.5,1.45,6,4.6,1.5,5.9,4.6,1.5,6.28,4.73,1.51,6,4.6,1.5,6.5,4.6,1.5,6.196666667,4.605,1.493333333
23/02/2019,토리노,아탈란타,2,0,H,1,0,H,11,9,7,4,3.2,3.3,2.3,3.2,3.25,2.3,3.25,3.35,2.25,3.38,3.4,2.29,3.3,3.3,2.25,3.5,3.25,2.3,3.305,3.308333333,2.281666667
24/02/2019,볼로냐,유벤투스,0,1,A,0,0,D,13,5,4,4,7.5,4.5,1.44,6.75,4.2,1.5,7,4.25,1.48,7.68,4.34,1.49,7.5,4.2,1.47,8.5,4.3,1.45,7.488333333,4.298333333,1.471666667
24/02/2019,키에보베로나,제노아,0,0,D,0,0,D,8,6,5,2,3.3,3.2,2.3,3.4,3.2,2.25,3.4,3.2,2.25,3.55,3.32,2.26,3.4,3.2,2.25,3.5,3.13,2.3,3.425,3.208333333,2.268333333
24/02/2019,피오렌티나,인테르,3,3,D,1,2,A,10,7,2,6,2.7,3.3,2.7,2.8,3.25,2.6,2.75,3.25,2.65,2.81,3.27,2.76,2.7,3.2,2.7,2.8,3.13,2.75,2.76,3.233333333,2.693333333
24/02/2019,파르마 칼초,나폴리,0,4,A,0,2,A,8,14,2,5,7,4.5,1.44,7,4.4,1.48,6.5,4.3,1.5,7.76,4.62,1.46,8,4.5,1.42,7,4.5,1.45,7.21,4.47,1.458333333
24/02/2019,삼프도리아,칼리아리,1,0,H,0,0,D,9,8,6,1,1.75,3.6,5,1.8,3.5,4.75,1.8,3.55,4.65,1.82,3.62,4.94,1.8,3.5,4.8,1.8,3.5,5.2,1.795,3.545,4.89
24/02/2019,사수올로,SPAL,1,1,D,1,0,H,6,5,2,3,1.95,3.4,4,2.05,3.3,3.8,2,3.4,3.85,2.03,3.51,4.01,2,3.4,3.9,2,3.3,4.1,2.005,3.385,3.943333333
01/03/2019,칼리아리,인테르,2,1,H,2,1,H,12,19,5,7,5.25,3.7,1.7,5.5,3.7,1.67,5.1,3.65,1.7,5.36,3.63,1.77,5.25,3.6,1.73,5.5,3.7,1.73,5.326666667,3.663333333,1.716666667
02/03/2019,엠폴리,파르마 칼초,3,3,D,1,2,A,13,7,9,7,2,3.5,3.75,2,3.5,3.75,1.97,3.55,3.8,1.99,3.67,3.99,1.95,3.5,4,2,3.5,4.1,1.985,3.536666667,3.898333333
02/03/2019,라치오,로마,3,0,H,1,0,H,6,7,4,3,2.37,3.5,3,2.45,3.5,2.8,2.4,3.55,2.85,2.46,3.5,3.01,2.45,3.4,2.88,2.4,3.5,3,2.421666667,3.491666667,2.923333333
02/03/2019,AC 밀란,사수올로,1,0,H,1,0,H,7,11,4,6,1.5,4.2,7,1.5,4.25,6.75,1.53,4.2,6.3,1.54,4.22,6.91,1.5,4.2,7,1.5,4.2,7.5,1.511666667,4.211666667,6.91
03/03/2019,아탈란타,피오렌티나,3,1,H,2,1,H,17,7,10,4,1.85,3.75,4.2,1.87,3.7,4.1,1.85,3.75,4.05,1.92,3.83,4.11,1.85,3.7,4.2,1.85,3.7,4.33,1.865,3.738333333,4.165
03/03/2019,제노아,프로시노네,0,0,D,0,0,D,10,3,6,0,1.66,3.6,5.75,1.62,3.7,6,1.67,3.65,5.5,1.69,3.69,6,1.65,3.6,6,1.65,3.7,6.25,1.656666667,3.656666667,5.916666667
03/03/2019,나폴리,유벤투스,1,2,A,0,2,A,13,4,5,3,2.3,3.2,3.2,2.35,3.2,3.2,2.35,3.2,3.2,2.4,3.28,3.3,2.38,3.25,3.1,2.38,3.2,3.3,2.36,3.221666667,3.216666667
03/03/2019,SPAL,삼프도리아,1,2,A,0,2,A,8,14,2,10,2.8,3.1,2.7,2.7,3.2,2.7,2.7,3.15,2.7,2.78,3.27,2.78,2.7,3.2,2.75,2.8,3.1,2.8,2.746666667,3.17,2.738333333
03/03/2019,토리노,키에보베로나,3,0,H,0,0,D,9,9,6,5,1.44,4.33,8,1.44,4.33,8,1.45,4.3,7.6,1.47,4.48,7.9,1.42,4.33,8.5,1.44,4.2,9,1.443333333,4.328333333,8.166666667
03/03/2019,우디네세,볼로냐,2,1,H,1,1,D,11,11,6,9,2.8,3,2.8,2.7,2.95,2.9,2.75,3,2.8,2.87,3.01,2.9,2.7,2.9,3,2.88,2.9,2.88,2.783333333,2.96,2.88
08/03/2019,유벤투스,우디네세,4,1,H,2,0,H,15,4,6,2,1.36,4.75,9.5,1.36,4.75,9.5,1.37,4.7,9,1.39,4.77,9.63,1.38,4.6,9.5,1.36,4.75,9.5,1.37,4.72,9.438333333
09/03/2019,키에보베로나,AC 밀란,1,2,A,1,1,D,5,9,1,3,6,4,1.55,6.75,3.8,1.57,6.5,4.3,1.5,6.59,4.03,1.59,6.5,3.9,1.57,6.25,4,1.6,6.431666667,4.005,1.563333333
09/03/2019,파르마 칼초,제노아,1,0,H,0,0,D,8,8,4,1,2.8,3.1,2.7,2.8,3,2.75,2.75,3.15,2.7,2.84,3.1,2.86,2.8,3,2.75,2.8,3.1,2.8,2.798333333,3.075,2.76
10/03/2019,볼로냐,칼리아리,2,0,H,1,0,H,17,7,8,6,1.95,3.1,4.75,1.95,3.2,4.4,1.9,3.35,4.4,1.95,3.38,4.57,1.95,3.25,4.33,1.93,3.3,4.6,1.938333333,3.263333333,4.508333333
10/03/2019,피오렌티나,라치오,1,1,D,0,1,A,7,7,1,6,2.8,3.3,2.55,2.8,3.3,2.55,2.8,3.4,2.5,2.81,3.49,2.61,2.75,3.4,2.55,2.8,3.4,2.6,2.793333333,3.381666667,2.56
10/03/2019,프로시노네,토리노,1,2,A,1,0,H,9,10,5,7,4.75,3.3,1.85,4.25,3.4,1.91,4.45,3.3,1.9,4.55,3.37,1.96,4.5,3.4,1.88,4.75,3.2,1.93,4.541666667,3.328333333,1.905
10/03/2019,인테르,SPAL,2,0,H,0,0,D,10,2,4,1,1.4,4.5,8.5,1.4,4.6,8.75,1.4,4.5,8.5,1.42,4.52,9.28,1.4,4.4,9,1.4,4.5,9.5,1.403333333,4.503333333,8.921666667
10/03/2019,삼프도리아,아탈란타,1,2,A,0,0,D,11,13,6,6,3.5,3.4,2.15,3.4,3.4,2.15,3.45,3.5,2.1,3.66,3.53,2.13,3.5,3.5,2.1,3.6,3.4,2.15,3.518333333,3.455,2.13
10/03/2019,사수올로,나폴리,1,1,D,0,0,D,7,9,1,4,6,4,1.57,6,3.9,1.6,5.7,4.05,1.6,6.25,3.96,1.62,6.5,3.8,1.57,6.5,4,1.57,6.158333333,3.951666667,1.588333333
11/03/2019,로마,엠폴리,2,1,H,2,1,H,7,4,2,2,1.53,4.5,5.75,1.5,4.6,6,1.57,4.45,5.4,1.58,4.4,5.84,1.53,4.33,6,1.53,4.4,6.25,1.54,4.446666667,5.873333333
15/03/2019,칼리아리,피오렌티나,2,1,H,0,0,D,10,6,6,4,3.3,3.25,2.3,3.25,3.25,2.3,3.2,3.25,2.3,3.26,3.31,2.4,3.2,3.2,2.35,3.3,3.2,2.4,3.251666667,3.243333333,2.341666667
16/03/2019,사수올로,삼프도리아,3,5,A,1,3,A,12,17,5,11,2.4,3.2,3.1,2.45,3.1,3.1,2.4,3.25,3.05,2.42,3.38,3.16,2.4,3.25,3.1,2.45,3.2,3.2,2.42,3.23,3.118333333
16/03/2019,SPAL,로마,2,1,H,1,0,H,10,10,6,5,4.33,3.6,1.83,4.4,3.6,1.85,4.8,3.7,1.75,4.4,3.67,1.9,4.4,3.5,1.85,4.5,3.6,1.87,4.471666667,3.611666667,1.841666667
16/03/2019,토리노,볼로냐,2,3,A,1,2,A,16,8,7,6,1.95,3.2,4.5,1.91,3.2,4.6,1.97,3.2,4.25,2.02,3.22,4.51,1.95,3.1,4.6,2,3.13,4.5,1.966666667,3.175,4.493333333
17/03/2019,아탈란타,키에보베로나,1,1,D,0,1,A,11,6,6,3,1.22,6,15,1.25,6,12.5,1.25,5.9,12,1.25,6.16,13.64,1.24,6,13,1.25,6.25,12,1.243333333,6.051666667,13.02333333
17/03/2019,엠폴리,프로시노네,2,1,H,2,0,H,8,9,5,3,1.8,3.5,4.75,1.75,3.7,4.75,1.75,3.7,4.85,1.76,3.76,5.18,1.73,3.7,5,1.75,3.6,5.25,1.756666667,3.66,4.963333333
17/03/2019,제노아,유벤투스,2,0,H,0,0,D,10,3,5,0,7,4,1.53,7,3.9,1.53,6.8,4,1.53,7.44,3.85,1.57,7,3.9,1.53,7.5,3.9,1.53,7.123333333,3.925,1.536666667
17/03/2019,라치오,파르마 칼초,4,1,H,4,0,H,14,4,8,2,1.33,5.25,9.5,1.34,5,9.5,1.4,4.8,7.5,1.34,5.27,10.49,1.32,5,11,1.3,5.25,12,1.338333333,5.095,9.998333333
17/03/2019,AC 밀란,인테르,2,3,A,0,1,A,9,10,7,6,2.3,3.1,3.4,2.45,3.1,3.1,2.6,3.1,2.9,2.47,3.17,3.27,2.4,3.1,3.2,2.45,3.1,3.25,2.445,3.111666667,3.186666667
17/03/2019,나폴리,우디네세,4,2,H,2,2,D,13,8,5,3,1.22,6.5,13,1.22,6.25,14,1.25,6,12,1.22,6.59,15.99,1.22,6,15,1.22,6.5,15,1.225,6.306666667,14.165
29/03/2019,키에보베로나,칼리아리,0,3,A,0,3,A,10,9,8,3,2.7,3,2.87,2.7,3,2.9,2.7,3.05,2.8,2.78,3.15,2.88,2.62,3.1,2.88,2.8,3,2.9,2.716666667,3.05,2.871666667
30/03/2019,유벤투스,엠폴리,1,0,H,0,0,D,14,3,6,0,1.25,6,12,1.3,5.25,11.5,1.25,6.1,11,1.29,5.67,12.22,1.27,5.5,12,1.29,5.5,13,1.275,5.67,11.95333333
30/03/2019,삼프도리아,AC 밀란,1,0,H,1,0,H,14,7,8,5,3.25,3.1,2.37,3.25,3.2,2.35,3.1,3.25,2.4,3.27,3.24,2.44,3.1,3.1,2.45,3.2,3.2,2.4,3.195,3.181666667,2.401666667
30/03/2019,우디네세,제노아,2,0,H,1,0,H,12,15,5,6,2.5,3.1,3.1,2.55,3,3.1,2.5,3,3.1,2.6,3.05,3.2,2.55,3,3.1,2.6,3,3.2,2.55,3.025,3.133333333
31/03/2019,볼로냐,사수올로,2,1,H,0,0,D,11,5,8,4,2.05,3.4,3.75,2.1,3.4,3.6,2.1,3.35,3.55,2.14,3.42,3.77,2.1,3.25,3.7,2.15,3.2,3.8,2.106666667,3.336666667,3.695
31/03/2019,피오렌티나,토리노,1,1,D,1,1,D,16,6,8,2,2.1,3.2,3.8,2.1,3.2,3.8,2.15,3.25,3.6,2.23,3.15,3.85,2.15,3.25,3.6,2.15,3.2,3.75,2.146666667,3.208333333,3.733333333
31/03/2019,프로시노네,SPAL,0,1,A,0,1,A,19,5,9,3,2.9,3.1,2.6,2.8,3,2.75,2.9,3.05,2.65,2.92,3.1,2.78,2.8,3.1,2.7,2.9,3,2.75,2.87,3.058333333,2.705
31/03/2019,인테르,라치오,0,1,A,0,1,A,11,6,6,5,2.25,3.3,3.3,2.25,3.3,3.3,2.25,3.35,3.2,2.36,3.3,3.36,2.25,3.3,3.3,2.3,3.25,3.4,2.276666667,3.3,3.31
31/03/2019,파르마 칼초,아탈란타,1,3,A,1,1,D,6,18,4,11,5.75,4,1.6,6,3.9,1.6,5.7,4.3,1.55,6.16,4.34,1.57,6,4.2,1.55,6.5,4.3,1.53,6.018333333,4.173333333,1.566666667
31/03/2019,로마,나폴리,1,4,A,1,1,D,11,12,5,10,3.1,3.5,2.3,3.1,3.4,2.3,3.05,3.5,2.3,3.15,3.53,2.36,3.1,3.4,2.3,3.2,3.4,2.3,3.116666667,3.455,2.31
02/04/2019,칼리아리,유벤투스,0,2,A,0,1,A,5,11,1,6,5.25,3.4,1.75,5,3.4,1.8,5.1,3.3,1.8,5.28,3.48,1.81,5.25,3.4,1.78,5.5,3.4,1.8,5.23,3.396666667,1.79
02/04/2019,AC 밀란,우디네세,1,1,D,1,0,H,12,7,9,3,1.44,4.33,8,1.42,4.4,8.5,1.45,4.4,7.5,1.45,4.52,8.22,1.42,4.33,8.5,1.44,4.5,9,1.436666667,4.413333333,8.286666667
03/04/2019,엠폴리,나폴리,2,1,H,1,1,D,13,11,9,5,7,4.75,1.44,6.5,4.5,1.48,6,4.5,1.5,6.91,4.52,1.5,7,4.4,1.47,7.5,4.6,1.44,6.818333333,4.545,1.471666667
03/04/2019,프로시노네,파르마 칼초,3,2,H,2,1,H,14,10,5,6,2.4,3.2,3.1,2.45,3.1,3.1,2.4,3.15,3.1,2.43,3.27,3.24,2.4,3.2,3.1,2.45,3.1,3.25,2.421666667,3.17,3.148333333
03/04/2019,제노아,인테르,0,4,A,0,2,A,5,12,2,9,4,3.25,2.05,3.9,3.25,2.05,4,3.25,2.05,4.23,3.34,2.04,4.2,3.2,2,4.33,3.2,2,4.11,3.248333333,2.031666667
03/04/2019,로마,피오렌티나,2,2,D,1,1,D,12,10,6,5,2,3.5,3.75,2.05,3.4,3.7,2,3.6,3.6,2.09,3.5,3.82,2.05,3.4,3.7,2.05,3.5,3.75,2.04,3.483333333,3.72
03/04/2019,SPAL,라치오,1,0,H,0,0,D,8,9,4,5,5,3.75,1.72,5,3.8,1.7,5,3.8,1.7,5.08,3.92,1.74,5.25,3.7,1.7,5.5,3.7,1.7,5.138333333,3.778333333,1.71
03/04/2019,토리노,삼프도리아,2,1,H,2,0,H,14,6,6,3,2.15,3.3,3.5,2.1,3.25,3.7,2.15,3.3,3.45,2.25,3.28,3.61,2.15,3.25,3.6,2.25,3.2,3.5,2.175,3.263333333,3.56
04/04/2019,아탈란타,볼로냐,4,1,H,4,0,H,12,8,6,4,1.5,4.2,7,1.5,4.33,6.5,1.5,4.45,6.2,1.51,4.48,6.93,1.47,4.33,7,1.45,4.4,7.5,1.488333333,4.365,6.855
04/04/2019,사수올로,키에보베로나,4,0,H,2,0,H,13,9,8,5,1.66,3.75,5.5,1.7,3.6,5.5,1.67,3.75,5.4,1.68,3.85,5.67,1.65,3.7,5.8,1.65,3.7,6,1.668333333,3.725,5.645
06/04/2019,유벤투스,AC 밀란,2,1,H,0,1,A,10,12,6,5,1.75,3.5,5.25,1.75,3.5,5.25,1.85,3.5,4.4,1.8,3.49,5.38,1.78,3.4,5.25,1.8,3.3,5.4,1.788333333,3.448333333,5.155
06/04/2019,파르마 칼초,토리노,0,0,D,0,0,D,5,12,1,4,4,3.3,2,4,3.3,2,3.95,3.35,2,4.14,3.4,2.04,4,3.3,2,4.2,3.3,2.05,4.048333333,3.325,2.015
06/04/2019,삼프도리아,로마,0,1,A,0,0,D,10,9,2,5,2.9,3.3,2.5,2.9,3.3,2.5,2.8,3.5,2.45,2.9,3.49,2.54,2.88,3.4,2.45,2.9,3.4,2.5,2.88,3.398333333,2.49
07/04/2019,칼리아리,SPAL,2,1,H,1,1,D,14,5,11,2,2.15,3.2,3.6,2.15,3.1,3.5,2.2,3.15,3.6,2.27,3.1,3.8,2.2,3.2,3.6,2.2,3.13,3.75,2.195,3.146666667,3.641666667
07/04/2019,피오렌티나,프로시노네,0,1,A,0,0,D,14,6,5,3,1.5,4,7.5,1.5,3.9,7,1.5,4.25,6.7,1.48,4.4,7.87,1.47,4.2,7.5,1.5,4.2,8,1.491666667,4.158333333,7.428333333
07/04/2019,인테르,아탈란타,0,0,D,0,0,D,8,5,6,2,2,3.4,3.9,2.05,3.5,3.4,2.05,3.55,3.45,2.13,3.57,3.63,2.05,3.5,3.6,2.1,3.4,3.7,2.063333333,3.486666667,3.613333333
07/04/2019,라치오,사수올로,2,2,D,0,0,D,18,3,7,2,1.36,5,8.5,1.35,5,7.75,1.38,5.1,7.7,1.37,5.12,9.15,1.35,5,9,1.36,5.2,8.5,1.361666667,5.07,8.433333333
07/04/2019,나폴리,제노아,1,1,D,1,1,D,19,12,10,7,1.25,5.5,14,1.25,5.5,14,1.3,5.5,10.5,1.28,5.77,12.93,1.27,5.5,12,1.25,5.75,13,1.266666667,5.586666667,12.73833333
07/04/2019,우디네세,엠폴리,3,2,H,3,2,H,14,12,6,6,2.3,3.1,3.25,2.3,3.1,3.2,2.3,3.25,3.2,2.34,3.4,3.3,2.3,3.3,3.2,2.38,3.2,3.3,2.32,3.225,3.241666667
08/04/2019,볼로냐,키에보베로나,3,0,H,0,0,D,14,4,11,2,1.5,4,7,1.5,4,7.25,1.53,4,7,1.51,4.2,7.73,1.5,4,8,1.5,3.9,8.5,1.506666667,4.016666667,7.58
13/04/2019,AC 밀란,라치오,1,0,H,0,0,D,10,8,5,6,2.6,3.3,2.75,2.6,3.3,2.75,2.6,3.3,2.75,2.65,3.32,2.89,2.62,3.25,2.75,2.63,3.2,2.88,2.616666667,3.278333333,2.795
13/04/2019,로마,우디네세,1,0,H,0,0,D,11,7,5,4,1.44,4.5,7,1.48,4.33,6.75,1.46,4.6,6.6,1.46,4.68,7.59,1.44,4.4,7.5,1.44,4.5,8,1.453333333,4.501666667,7.24
13/04/2019,SPAL,유벤투스,2,1,H,0,1,A,8,4,3,3,4,3.2,2.05,4.25,2.95,2.1,3.85,3.1,2.1,4.35,3.02,2.15,4.2,3,2.1,4.2,3.13,2.1,4.141666667,3.066666667,2.1
14/04/2019,키에보베로나,나폴리,1,3,A,0,1,A,4,12,4,5,11,5.25,1.3,10,5,1.33,9.6,5.3,1.31,10.55,5.23,1.34,11,5.25,1.3,12,5.5,1.29,10.69166667,5.255,1.311666667
14/04/2019,피오렌티나,볼로냐,0,0,D,0,0,D,14,5,7,3,1.85,3.5,4.5,1.91,3.4,4.33,1.87,3.55,4.2,1.94,3.48,4.44,1.88,3.5,4.33,1.9,3.4,4.5,1.891666667,3.471666667,4.383333333
14/04/2019,프로시노네,인테르,1,3,A,0,2,A,10,10,4,5,7,3.75,1.57,5.75,4,1.6,5.6,4.05,1.6,6.18,4.11,1.6,6.5,4,1.55,7,4,1.55,6.338333333,3.985,1.578333333
14/04/2019,삼프도리아,제노아,2,0,H,1,0,H,13,6,7,1,2.4,3.1,3.2,2.4,3.1,3.25,2.35,3.25,3.15,2.47,3.21,3.25,2.38,3.1,3.25,2.38,3.2,3.3,2.396666667,3.16,3.233333333
14/04/2019,사수올로,파르마 칼초,0,0,D,0,0,D,16,3,8,1,1.66,4,5,1.7,3.7,4.75,1.7,3.85,4.95,1.72,3.74,5.55,1.7,3.7,5.25,1.7,3.7,5.5,1.696666667,3.781666667,5.166666667
14/04/2019,토리노,칼리아리,1,1,D,0,0,D,14,9,8,6,1.85,3.4,4.75,1.83,3.4,4.75,1.85,3.45,4.6,1.86,3.43,5.03,1.8,3.4,5,1.83,3.3,5.2,1.836666667,3.396666667,4.888333333
15/04/2019,아탈란타,엠폴리,0,0,D,0,0,D,32,2,18,1,1.33,5.25,9,1.35,5.25,8.5,1.37,5.2,7.8,1.35,5.41,9.18,1.33,5.25,9,1.33,5.25,9.5,1.343333333,5.268333333,8.83
17/04/2019,라치오,우디네세,2,0,H,2,0,H,15,9,7,4,1.36,5,8.5,1.35,5,9.25,1.37,4.85,8.7,1.34,5.07,10.81,1.33,4.8,11,1.33,5,11,1.346666667,4.953333333,9.876666667
20/04/2019,볼로냐,삼프도리아,3,0,H,0,0,D,12,9,6,3,2.2,3.3,3.4,2.2,3.2,3.3,2.25,3.35,3.3,2.25,3.45,3.43,2.2,3.3,3.4,2.25,3.25,3.5,2.225,3.308333333,3.388333333
20/04/2019,칼리아리,프로시노네,1,0,H,1,0,H,12,5,6,2,1.95,3.2,4.2,1.91,3.25,4.2,1.9,3.45,4.2,1.96,3.55,4.25,1.95,3.4,4.2,1.95,3.4,4.33,1.936666667,3.375,4.23
20/04/2019,엠폴리,SPAL,2,4,A,1,2,A,11,9,6,7,2.15,3.25,3.6,2,3.3,3.75,2.1,3.35,3.6,2.13,3.41,3.78,2.1,3.3,3.7,2.15,3.3,3.75,2.105,3.318333333,3.696666667
20/04/2019,제노아,토리노,0,1,A,0,0,D,8,8,4,4,2.75,3,2.87,2.6,3,2.85,2.7,3.05,2.85,2.77,3.05,2.98,2.7,3,2.88,2.8,3,2.88,2.72,3.016666667,2.885
20/04/2019,인테르,로마,1,1,D,0,1,A,13,9,7,5,1.8,3.6,4.5,1.8,3.75,4,1.77,3.85,4.45,1.81,3.92,4.56,1.78,3.75,4.5,1.75,3.8,4.75,1.785,3.778333333,4.46
20/04/2019,유벤투스,피오렌티나,2,1,H,1,1,D,9,9,5,6,1.4,4.5,9,1.42,4.2,7.75,1.43,4.4,8,1.43,4.7,8.21,1.38,4.5,9.5,1.4,4.4,10,1.41,4.45,8.743333333
20/04/2019,라치오,키에보베로나,1,2,A,0,0,D,16,8,8,6,1.18,7,17,1.19,6.25,14.5,1.15,7.6,18.5,1.19,7.33,17.65,1.17,7,19,1.18,7,21,1.176666667,7.03,17.94166667
20/04/2019,파르마 칼초,AC 밀란,1,1,D,0,0,D,10,8,3,3,5,3.6,1.75,5,3.5,1.72,5.2,3.65,1.7,5.48,3.75,1.72,5.25,3.6,1.73,5.5,3.6,1.73,5.238333333,3.616666667,1.725
20/04/2019,우디네세,사수올로,1,1,D,0,1,A,10,6,5,2,2.35,3.2,3.2,2.3,3.1,3.2,2.35,3.25,3.1,2.39,3.35,3.26,2.35,3.2,3.2,2.38,3.2,3.3,2.353333333,3.216666667,3.21
22/04/2019,나폴리,아탈란타,1,2,A,1,0,H,13,11,9,7,1.85,3.5,4.2,1.85,3.6,3.9,1.93,3.75,3.8,1.99,3.65,4.01,1.95,3.6,3.9,1.95,3.6,4,1.92,3.616666667,3.968333333
27/04/2019,볼로냐,엠폴리,3,1,H,0,1,A,17,4,7,3,1.8,3.6,4.33,1.8,3.5,4.33,1.8,3.7,4.35,1.8,3.92,4.6,1.8,3.75,4.4,1.8,3.75,4.2,1.8,3.703333333,4.368333333
27/04/2019,인테르,유벤투스,1,1,D,1,0,H,10,10,6,4,2.37,3.4,2.9,2.4,3.3,2.85,2.45,3.25,3,2.43,3.46,3.07,2.35,3.3,3.1,2.38,3.2,3.2,2.396666667,3.318333333,3.02
27/04/2019,로마,칼리아리,3,0,H,2,0,H,15,4,11,1,1.4,4.2,8,1.45,4.4,6.5,1.46,4.6,6.7,1.48,4.58,7.33,1.42,4.33,8.5,1.4,4.5,9,1.435,4.435,7.671666667
28/04/2019,키에보베로나,파르마 칼초,1,1,D,0,1,A,6,6,2,2,3.1,3.1,2.4,3,3.1,2.4,3,3.15,2.5,3.15,3.22,2.52,3.1,3.1,2.45,3.2,3.13,2.45,3.091666667,3.133333333,2.453333333
28/04/2019,프로시노네,나폴리,0,2,A,0,1,A,13,19,4,13,10,4.75,1.33,8.75,4.75,1.34,8.5,4.95,1.36,9.65,4.91,1.38,10,4.75,1.35,11,4.8,1.36,9.65,4.818333333,1.353333333
28/04/2019,삼프도리아,라치오,1,2,A,0,2,A,7,10,5,5,3,3.4,2.3,2.85,3.4,2.35,3,3.55,2.3,3.08,3.63,2.35,3,3.4,2.35,3.1,3.4,2.38,3.005,3.463333333,2.338333333
28/04/2019,SPAL,제노아,1,1,D,1,0,H,11,11,5,5,2.5,2.7,3.4,2.55,2.7,3.25,2.65,2.75,3.2,2.8,2.72,3.34,2.6,2.7,2.9,2.7,2.8,3.2,2.633333333,2.728333333,3.215
28/04/2019,토리노,AC 밀란,2,0,H,0,0,D,7,7,3,5,2.75,3.2,2.55,2.65,3.1,2.7,2.85,3.1,2.65,2.92,3.11,2.77,2.88,3,2.7,2.9,3,2.75,2.825,3.085,2.686666667
29/04/2019,아탈란타,우디네세,2,0,H,0,0,D,13,4,8,2,1.3,5,11,1.33,4.75,9.5,1.33,5.3,9,1.34,5.48,9.49,1.3,5.25,11,1.3,5.4,12,1.316666667,5.196666667,10.33166667
29/04/2019,피오렌티나,사수올로,0,1,A,0,1,A,7,9,4,5,1.72,3.5,5,1.75,3.7,4.4,1.75,3.75,4.65,1.76,3.93,4.88,1.73,3.75,5,1.73,3.7,5.25,1.74,3.721666667,4.863333333
03/05/2019,유벤투스,토리노,1,1,D,0,1,A,11,9,4,2,1.61,3.75,6,1.67,3.6,5.75,1.65,3.8,5.5,1.68,3.7,6.09,1.65,3.6,6,1.67,3.7,6.25,1.655,3.691666667,5.931666667
04/05/2019,키에보베로나,SPAL,0,4,A,0,1,A,8,14,3,8,3.2,3.1,2.45,3.25,3.1,2.4,3.3,3.1,2.35,3.42,3.07,2.46,3.25,3.1,2.38,3.3,3.1,2.4,3.286666667,3.095,2.406666667
04/05/2019,우디네세,인테르,0,0,D,0,0,D,3,11,3,4,5.25,3.8,1.66,5.25,3.8,1.67,4.95,3.9,1.67,5.13,4.1,1.69,5.25,3.9,1.65,5.5,3.9,1.67,5.221666667,3.9,1.668333333
05/05/2019,엠폴리,피오렌티나,1,0,H,0,0,D,6,20,4,11,2.3,3.6,3,2.3,3.6,2.95,2.3,3.6,2.95,2.37,3.81,2.93,2.3,3.7,2.9,2.38,3.5,3,2.325,3.635,2.955
05/05/2019,제노아,로마,1,1,D,0,0,D,13,11,6,5,3.75,3.6,2,3.9,3.6,1.95,3.75,3.5,2,4.01,3.53,2.02,3.9,3.6,1.95,4,3.4,2,3.885,3.538333333,1.986666667
05/05/2019,라치오,아탈란타,1,3,A,1,1,D,7,10,5,6,2.15,3.6,3.25,2.25,3.5,3.1,2.25,3.6,3.05,2.29,3.73,3.12,2.25,3.6,3.1,2.2,3.6,3.25,2.231666667,3.605,3.145
05/05/2019,나폴리,칼리아리,2,1,H,0,0,D,17,4,8,2,1.25,6.25,11,1.28,6,10,1.26,6,10.5,1.29,6.12,10.67,1.25,6,12,1.25,6.25,13,1.263333333,6.103333333,11.195
05/05/2019,파르마 칼초,삼프도리아,3,3,D,1,2,A,9,14,6,10,3,3.2,2.45,2.8,3.3,2.55,2.85,3.35,2.5,2.98,3.32,2.58,2.88,3.3,2.5,3,3.3,2.5,2.918333333,3.295,2.513333333
05/05/2019,사수올로,프로시노네,2,2,D,0,2,A,14,5,5,3,1.66,3.8,5.25,1.65,3.9,5.25,1.65,4,5.2,1.64,4.23,5.43,1.63,4,5.25,1.65,3.8,5.75,1.646666667,3.955,5.355
06/05/2019,AC 밀란,볼로냐,2,1,H,1,0,H,13,14,5,7,1.65,3.75,5.5,1.67,3.7,5.5,1.67,3.75,5.3,1.66,3.9,5.81,1.65,3.75,5.8,1.67,3.75,5.75,1.661666667,3.766666667,5.61
11/05/2019,아탈란타,제노아,2,1,H,0,0,D,8,13,4,3,1.5,4.2,7,1.48,4.2,7.25,1.53,4.4,6.1,1.54,4.27,6.84,1.5,4.33,6.5,1.5,4.5,7,1.508333333,4.316666667,6.781666667
11/05/2019,칼리아리,라치오,1,2,A,0,1,A,14,10,6,5,3.75,3.6,1.95,3.7,3.6,2,3.65,3.55,2,3.8,3.62,2.05,3.7,3.6,2,3.9,3.5,2,3.75,3.578333333,2
11/05/2019,피오렌티나,AC 밀란,0,1,A,0,1,A,8,10,3,5,3,3.3,2.37,2.9,3.4,2.45,2.95,3.3,2.45,2.99,3.37,2.54,2.9,3.25,2.5,3,3.25,2.5,2.956666667,3.311666667,2.468333333
12/05/2019,프로시노네,우디네세,1,3,A,0,3,A,13,11,5,8,5,3.6,1.75,5,3.7,1.72,5,3.75,1.7,5.25,3.81,1.74,5.25,3.7,1.7,5.4,3.6,1.73,5.15,3.693333333,1.723333333
12/05/2019,로마,유벤투스,2,0,H,0,0,D,9,5,4,4,2.5,3.5,2.75,2.5,3.4,2.8,2.5,3.45,2.75,2.58,3.55,2.82,2.5,3.4,2.8,2.55,3.3,2.9,2.521666667,3.433333333,2.803333333
12/05/2019,삼프도리아,엠폴리,1,2,A,0,0,D,11,5,7,4,2.37,3.6,2.87,2.35,3.7,2.8,2.4,3.6,2.75,2.48,3.68,2.86,2.4,3.6,2.8,2.45,3.5,2.88,2.408333333,3.613333333,2.826666667
12/05/2019,SPAL,나폴리,1,2,A,0,0,D,10,17,5,8,5.75,4.33,1.53,5.5,4.33,1.57,5.3,4.3,1.57,5.54,4.5,1.59,5.25,4.33,1.6,5.5,4.4,1.57,5.473333333,4.365,1.571666667
12/05/2019,토리노,사수올로,3,2,H,0,1,A,17,7,11,3,1.53,4.5,5.75,1.53,4.33,6,1.53,4.3,6,1.56,4.43,6.2,1.52,4.33,6.5,1.55,4.2,6.5,1.536666667,4.348333333,6.158333333
13/05/2019,볼로냐,파르마 칼초,4,1,H,0,0,D,15,3,10,1,1.83,3.25,5,1.8,3.25,5.25,1.8,3.1,5.8,1.81,3.19,6.11,1.8,3.1,5.8,1.8,3.3,5.4,1.806666667,3.198333333,5.56
13/05/2019,인테르,키에보베로나,2,0,H,1,0,H,16,3,11,0,1.14,8,19,1.13,8.75,21,1.15,8.2,17.5,1.15,8.52,20.38,1.14,8,21,1.13,8.5,23,1.14,8.328333333,20.31333333
18/05/2019,제노아,칼리아리,1,1,D,0,1,A,16,4,9,3,1.55,4,6.5,1.57,4,6.25,1.6,3.95,5.9,1.6,3.97,6.54,1.57,3.9,6.5,1.6,3.9,6.5,1.581666667,3.953333333,6.365
18/05/2019,사수올로,로마,0,0,D,0,0,D,9,17,3,6,5.75,5,1.45,5.75,4.75,1.5,5.5,4.65,1.53,5.92,4.69,1.54,6.5,4.75,1.47,6.5,4.6,1.5,5.986666667,4.74,1.498333333
18/05/2019,우디네세,SPAL,3,2,H,3,0,H,10,12,4,5,1.53,4.2,6,1.57,4,6,1.45,4.4,7.2,1.57,4.22,6.37,1.55,4,6.5,1.55,4.2,6.5,1.536666667,4.17,6.428333333
19/05/2019,키에보베로나,삼프도리아,0,0,D,0,0,D,4,9,1,6,3.8,3.8,1.9,3.9,3.9,1.87,3.8,4,1.85,3.93,4.07,1.9,3.8,3.9,1.88,4,3.9,1.87,3.871666667,3.928333333,1.878333333
19/05/2019,엠폴리,토리노,4,1,H,1,0,H,11,10,9,6,2.55,3.5,2.62,2.6,3.5,2.65,2.55,3.45,2.7,2.61,3.74,2.67,2.6,3.6,2.6,2.7,3.25,2.75,2.601666667,3.506666667,2.665
19/05/2019,유벤투스,아탈란타,1,1,D,0,1,A,11,11,4,7,2.45,3,3.25,2.4,3.1,3.25,2.35,3.1,3.25,2.48,3.08,3.36,2.4,3,3.2,2.4,3.3,3.13,2.413333333,3.096666667,3.24
19/05/2019,AC 밀란,프로시노네,2,0,H,0,0,D,9,6,3,2,1.14,9,17,1.13,8.75,19,1.17,7.6,16.5,1.15,8.83,18.28,1.14,8,19,1.14,9,19,1.145,8.53,18.13
19/05/2019,나폴리,인테르,4,1,H,1,0,H,14,10,6,7,2.45,3.5,2.75,2.5,3.5,2.75,2.45,3.5,2.8,2.48,3.51,2.96,2.45,3.4,2.88,2.5,3.4,2.9,2.471666667,3.468333333,2.84
19/05/2019,파르마 칼초,피오렌티나,1,0,H,0,0,D,9,12,5,6,3.1,3.2,2.37,3.2,3.1,2.4,3.1,3,2.5,3.37,3.29,2.35,3,3.3,2.38,3.2,3.3,2.38,3.161666667,3.198333333,2.396666667
20/05/2019,라치오,볼로냐,3,3,D,1,0,H,10,13,5,6,2.1,3.25,3.8,2.1,3.3,3.7,2.1,3.3,3.7,2.12,3.37,3.9,2.1,3.3,3.7,2.1,3.4,3.7,2.103333333,3.32,3.75
25/05/2019,볼로냐,나폴리,3,2,H,2,0,H,10,15,5,8,4.2,4.2,1.75,4,4.1,1.8,3.9,4.1,1.8,4.02,4.15,1.86,3.9,4,1.83,4.1,4,1.83,4.02,4.091666667,1.811666667
25/05/2019,프로시노네,키에보베로나,0,0,D,0,0,D,10,2,5,2,2.2,3.8,3,2.3,3.7,2.9,2.25,3.8,2.9,2.31,3.89,2.99,2.25,3.7,3,2.25,3.7,3.1,2.26,3.765,2.981666667
26/05/2019,아탈란타,사수올로,3,1,H,1,1,D,13,4,5,3,1.2,7,11,1.22,6.5,12.5,1.2,6.5,15,1.25,6.61,11.97,1.22,7,11,1.25,6.25,13,1.223333333,6.643333333,12.41166667
26/05/2019,칼리아리,우디네세,1,2,A,1,0,H,12,9,5,5,2.25,3.5,3,2.4,3.5,2.9,2.35,3.55,2.85,2.45,3.53,2.99,2.4,3.4,2.9,2.4,3.5,3,2.375,3.496666667,2.94
26/05/2019,피오렌티나,제노아,0,0,D,0,0,D,5,2,5,1,2.37,2.4,4.33,2.55,2.35,4.33,2.5,2.35,4.4,2.53,2.42,4.48,2.35,2.4,3.25,2.45,2.5,3.5,2.458333333,2.403333333,4.048333333
26/05/2019,인테르,엠폴리,2,1,H,0,0,D,20,9,15,5,1.36,5,8,1.36,5.5,7.5,1.35,5.3,8,1.39,5.35,7.81,1.35,5.25,8.5,1.36,5.2,9,1.361666667,5.266666667,8.135
26/05/2019,로마,파르마 칼초,2,1,H,1,0,H,16,9,8,5,1.18,7,13,1.2,7,13.5,1.2,6.8,14,1.2,7.5,14.07,1.2,7,13,1.22,7,13,1.2,7.05,13.42833333
26/05/2019,삼프도리아,유벤투스,2,0,H,0,0,D,10,6,3,1,3.8,3.8,1.85,3.9,3.8,1.87,3.7,3.9,1.9,3.92,3.98,1.93,3.9,3.8,1.88,4,3.8,1.9,3.87,3.846666667,1.888333333
26/05/2019,SPAL,AC 밀란,2,3,A,1,2,A,7,16,4,8,6.5,4.75,1.44,6.25,4.5,1.5,6,4.5,1.5,6.25,4.51,1.54,6.5,4.4,1.5,6.5,4.2,1.55,6.333333333,4.476666667,1.505
26/05/2019,토리노,라치오,3,1,H,0,0,D,9,9,7,4,2.15,3.75,3,2.3,3.75,2.85,2.3,3.7,2.85,2.34,3.76,3.01,2.3,3.7,2.9,2.3,3.6,3,2.281666667,3.71,2.935
24/08/2019,파르마 칼초,유벤투스,0,1,A,0,1,A,5,9,4,4,9,5.25,1.33,9.5,5,1.3,9.5,5.2,1.33,10.96,5.28,1.33,11,5.25,1.29,12,5.25,1.3,10.41,5.13,1.31
24/08/2019,피오렌티나,나폴리,3,4,A,1,2,A,10,8,6,6,4.75,3.75,1.72,4.6,3.6,1.75,4.5,3.8,1.77,5.12,3.71,1.77,4.8,3.6,1.75,5,3.7,1.75,4.73,3.67,1.76
25/08/2019,우디네세,AC 밀란,1,0,H,0,0,D,11,6,6,0,3.75,3.3,2.05,3.7,3.2,2.05,3.75,3.35,2.05,3.95,3.4,2.08,3.9,3.25,2,4.1,3.25,2.05,3.8,3.31,2.06
25/08/2019,칼리아리,브레시아,0,1,A,0,0,D,9,8,5,3,1.83,3.6,4.33,1.8,3.5,4.4,1.8,3.6,4.55,1.83,3.77,4.57,1.78,3.6,4.5,1.8,3.6,4.75,1.82,3.6,4.45
25/08/2019,로마,제노아,3,3,D,2,2,D,17,6,9,4,1.45,4.2,8,1.44,4.25,7,1.5,4.3,6.6,1.5,4.11,8.22,1.47,4,7.5,1.5,4.3,7.5,1.49,4.21,7.13
25/08/2019,삼프도리아,라치오,0,3,A,0,1,A,12,16,8,10,3.5,3.4,2.05,3.4,3.3,2.1,3.45,3.45,2.1,3.75,3.37,2.15,3.6,3.25,2.1,3.7,3.3,2.15,3.53,3.35,2.13
25/08/2019,SPAL,아탈란타,2,3,A,2,1,H,8,18,3,14,4.75,3.75,1.72,5,3.5,1.72,4.75,3.65,1.77,5.13,3.74,1.76,5,3.5,1.73,5,3.5,1.8,4.89,3.61,1.76
25/08/2019,토리노,사수올로,2,1,H,1,0,H,7,13,4,9,1.85,3.5,4.33,1.83,3.5,4.25,1.87,3.55,4.3,1.93,3.52,4.42,1.85,3.4,4.4,1.9,3.4,4.6,1.89,3.46,4.32
25/08/2019,베로나,볼로냐,1,1,D,1,1,D,5,14,2,5,3.4,3.2,2.25,3.2,3.2,2.25,3.35,3.2,2.3,3.51,3.3,2.26,3.4,3.2,2.2,3.5,3.1,2.3,3.39,3.18,2.27
26/08/2019,인테르,레체,4,0,H,2,0,H,16,10,7,4,1.22,6.25,13,1.22,6,12.5,1.25,6,11.5,1.23,6.39,15.59,1.22,6,15,1.22,6.25,15,1.23,6.1,13.23
30/08/2019,볼로냐,SPAL,1,0,H,0,0,D,18,7,9,1,1.8,3.5,4.6,1.85,3.5,4.5,1.83,3.5,4.6,1.84,3.62,4.77,1.78,3.5,4.75,1.87,3.4,5,1.84,3.5,4.65
31/08/2019,AC 밀란,브레시아,1,0,H,1,0,H,11,4,6,2,1.44,4.33,8,1.45,4.2,8.25,1.5,4.25,6.7,1.5,4.14,8.04,1.44,4.2,7.5,1.45,4.3,8,1.48,4.18,7.48
31/08/2019,유벤투스,나폴리,4,3,H,2,0,H,10,12,8,7,1.95,3.4,4.2,1.95,3.3,4.25,1.97,3.4,4,2,3.36,4.35,1.95,3.25,4.2,1.95,3.4,4.33,1.98,3.35,4.13
01/09/2019,라치오,로마,1,1,D,0,1,A,21,8,13,5,2.15,3.6,3.3,2.15,3.6,3.25,2.15,3.7,3.2,2.14,3.69,3.44,2.1,3.6,3.25,2.15,3.6,3.4,2.14,3.63,3.29
01/09/2019,아탈란타,토리노,2,3,A,1,1,D,19,8,12,6,1.57,4,5.75,1.6,4,5.75,1.6,4.05,5.4,1.63,4.29,5.41,1.57,4,5.8,1.57,4.1,6.25,1.61,4.08,5.54
01/09/2019,칼리아리,인테르,1,2,A,0,1,A,7,9,3,8,5.5,3.75,1.66,5.5,3.8,1.65,5.3,3.9,1.65,5.59,4.03,1.65,5.5,3.8,1.62,6,3.75,1.65,5.43,3.9,1.65
01/09/2019,제노아,피오렌티나,2,1,H,1,0,H,18,15,10,7,2.62,3.3,2.75,2.55,3.5,2.7,2.55,3.5,2.65,2.56,3.59,2.78,2.5,3.4,2.7,2.63,3.4,2.75,2.56,3.47,2.71
01/09/2019,레체,베로나,0,1,A,0,0,D,9,11,3,6,1.95,3.5,3.8,1.9,3.5,4.25,1.9,3.55,4.05,1.93,3.73,4.1,1.88,3.6,4,1.9,3.5,4.33,1.92,3.59,4.05
01/09/2019,사수올로,삼프도리아,4,1,H,3,0,H,11,8,8,5,2.25,3.4,3.2,2.25,3.5,3.1,2.25,3.55,3.1,2.29,3.53,3.24,2.25,3.4,3.1,2.25,3.5,3.25,2.27,3.49,3.12
01/09/2019,우디네세,파르마 칼초,1,3,A,1,1,D,17,6,12,3,2.05,3.4,3.75,2,3.2,4.2,2,3.35,3.9,2.04,3.38,4.12,2,3.25,4,2.05,3.2,4.2,2.03,3.32,3.95
14/09/2019,피오렌티나,유벤투스,0,0,D,0,0,D,15,5,8,4,4.75,3.8,1.72,5.25,3.8,1.67,4.8,3.9,1.7,5.26,3.94,1.7,5,3.8,1.67,5.25,3.8,1.7,5,3.88,1.7
14/09/2019,나폴리,삼프도리아,2,0,H,1,0,H,19,7,9,2,1.25,6.5,10,1.26,6.25,10.5,1.3,5.9,9.1,1.28,6.47,9.97,1.25,6,11,1.25,6.5,10.5,1.27,6.19,9.85
14/09/2019,인테르,우디네세,1,0,H,1,0,H,15,6,10,4,1.33,5.25,9,1.3,5.5,9.75,1.35,5.1,8.6,1.34,5.43,9.84,1.32,5,9.5,1.33,5.2,10.5,1.33,5.29,9.27
15/09/2019,제노아,아탈란타,1,2,A,0,0,D,8,11,3,6,3.4,3.8,2,3.3,3.7,2.1,3.35,3.75,2.05,3.33,3.92,2.11,3.3,3.7,2.05,3.5,3.5,2.15,3.34,3.75,2.08
15/09/2019,브레시아,볼로냐,3,4,A,3,1,H,9,17,7,6,3,3.3,2.4,3,3.3,2.4,3,3.3,2.4,3.12,3.34,2.44,3,3.2,2.4,3.2,3.25,2.4,3.04,3.29,2.41
15/09/2019,파르마 칼초,칼리아리,1,3,A,0,2,A,14,6,8,4,2.25,3.25,3.3,2.3,3.2,3.3,2.25,3.25,3.3,2.31,3.36,3.34,2.25,3.2,3.3,2.3,3.13,3.5,2.28,3.25,3.3
15/09/2019,SPAL,라치오,2,1,H,0,1,A,9,11,4,7,6,4,1.57,5.5,4,1.62,5.4,4.05,1.63,5.75,4.21,1.61,5.5,4,1.6,6,4,1.6,5.55,4.07,1.61
15/09/2019,로마,사수올로,4,2,H,4,0,H,14,10,10,5,1.65,4.2,4.75,1.67,4.1,4.75,1.7,4.15,4.5,1.69,4.28,4.86,1.65,4,4.8,1.67,4.1,5.2,1.69,4.13,4.73
15/09/2019,베로나,AC 밀란,0,1,A,0,0,D,6,11,2,6,5.5,3.8,1.61,5.75,3.7,1.65,5.3,3.75,1.67,5.94,3.75,1.68,5.8,3.6,1.63,6,3.7,1.65,5.62,3.72,1.67
16/09/2019,토리노,레체,1,2,A,0,1,A,12,12,3,5,1.5,4.33,6.5,1.5,4.2,6.75,1.5,4.3,6.6,1.49,4.42,7.27,1.47,4.2,7,1.5,4.2,7.5,1.5,4.31,6.82
20/09/2019,칼리아리,제노아,3,1,H,0,0,D,8,7,4,2,2.75,3.4,2.55,2.85,3.3,2.5,2.75,3.4,2.5,2.84,3.43,2.59,2.75,3.3,2.55,2.88,3.3,2.55,2.8,3.37,2.55
21/09/2019,우디네세,브레시아,0,1,A,0,0,D,6,5,3,3,1.9,3.5,4.2,1.91,3.6,4,2,3.4,3.8,1.89,3.64,4.41,1.83,3.6,4.2,1.87,3.5,4.4,1.89,3.58,4.16
21/09/2019,유벤투스,베로나,2,1,H,1,1,D,12,8,3,8,1.14,8,19,1.15,7.75,19,1.15,7.6,18.5,1.15,8.2,24.36,1.14,7.5,21,1.14,8,23,1.15,7.74,20.29
21/09/2019,AC 밀란,인테르,0,2,A,0,0,D,7,11,3,9,3.4,3.3,2.2,3.5,3.1,2.25,2.95,3.2,2.5,3.43,3.28,2.31,3.3,3.2,2.25,3.5,3.13,2.3,3.37,3.2,2.27
22/09/2019,사수올로,SPAL,3,0,H,2,0,H,17,8,8,3,1.95,3.3,4.2,1.95,3.6,3.8,1.95,3.6,3.8,1.96,3.69,4.06,1.95,3.5,3.8,1.95,3.5,4.1,1.97,3.55,3.88
22/09/2019,볼로냐,로마,1,2,A,0,0,D,5,14,3,7,2.87,3.3,2.5,2.9,3.6,2.35,2.75,3.6,2.4,2.86,3.68,2.45,2.8,3.5,2.38,2.9,3.5,2.45,2.81,3.57,2.42
22/09/2019,레체,나폴리,1,4,A,0,2,A,8,12,3,10,9,5.25,1.33,9,5.25,1.34,7.5,4.8,1.4,9.35,5.37,1.35,9.5,5,1.32,10,5.25,1.33,8.81,5.18,1.35
22/09/2019,삼프도리아,토리노,1,0,H,0,0,D,10,6,6,1,2.6,3.4,2.7,2.6,3.2,2.85,2.55,3.35,2.75,2.55,3.44,2.89,2.5,3.3,2.8,2.55,3.3,2.9,2.53,3.35,2.81
22/09/2019,아탈란타,피오렌티나,2,2,D,0,1,A,15,6,5,3,2.05,3.6,3.5,2,3.7,3.6,2,3.75,3.45,2.03,3.78,3.68,2,3.6,3.6,2,3.7,3.7,2.02,3.69,3.55
22/09/2019,라치오,파르마 칼초,2,0,H,1,0,H,22,3,15,1,1.3,5.5,10,1.3,5.5,9.75,1.35,5.3,8,1.32,5.72,9.74,1.29,5.25,11,1.29,5.5,12,1.31,5.52,9.72
24/09/2019,베로나,우디네세,0,0,D,0,0,D,8,5,4,3,2.5,3.3,2.87,2.55,3.2,2.9,2.5,3.2,2.9,2.59,3.24,2.99,2.55,3.1,2.9,2.6,3.1,3,2.56,3.18,2.92
24/09/2019,브레시아,유벤투스,1,2,A,1,1,D,13,15,3,7,6.5,4.1,1.53,6.75,4,1.53,6.7,4,1.53,6.44,4.06,1.58,6.5,3.9,1.53,6.5,3.75,1.6,6.33,4,1.57
25/09/2019,로마,아탈란타,0,2,A,0,0,D,8,11,4,4,2.2,3.8,3,2.2,3.7,3.1,2.2,3.85,2.95,2.3,3.77,3.03,2.25,3.7,2.9,2.25,3.7,3,2.25,3.72,2.98
25/09/2019,피오렌티나,삼프도리아,2,1,H,1,0,H,12,7,8,4,1.7,4,4.75,1.7,4,4.75,1.7,4,4.65,1.69,4.17,4.99,1.65,4,4.8,1.67,4,5.2,1.7,4.04,4.73
25/09/2019,제노아,볼로냐,0,0,D,0,0,D,8,14,4,2,2.37,3.5,2.87,2.4,3.5,2.9,2.35,3.55,2.9,2.41,3.57,2.99,2.35,3.5,2.88,2.38,3.4,3,2.37,3.52,2.91
25/09/2019,인테르,라치오,1,0,H,1,0,H,9,6,4,4,2,3.5,3.75,2,3.6,3.7,2,3.6,3.7,2.07,3.57,3.76,2,3.5,3.7,2,3.5,3.9,2.02,3.56,3.68
25/09/2019,나폴리,칼리아리,0,1,A,0,0,D,17,5,8,1,1.2,7,13,1.2,7,13.5,1.2,6.5,15,1.21,7.34,13.41,1.18,7,15,1.2,7,13,1.2,7.02,13.29
25/09/2019,파르마 칼초,사수올로,1,0,H,0,0,D,8,8,4,5,2.5,3.5,2.75,2.5,3.5,2.75,2.55,3.45,2.7,2.65,3.54,2.7,2.6,3.4,2.62,2.63,3.3,2.75,2.57,3.46,2.7
25/09/2019,SPAL,레체,1,3,A,1,1,D,14,9,7,5,1.95,3.6,4,1.91,3.6,4,1.95,3.65,3.75,2.04,3.53,3.94,1.95,3.5,3.8,2,3.5,3.9,1.97,3.57,3.83
26/09/2019,토리노,AC 밀란,2,1,H,0,1,A,11,16,5,4,2.3,3.25,3.1,2.5,3.25,2.95,2.45,3.25,3,2.5,3.25,3.1,2.4,3.2,3,2.4,3,3.1,2.46,3.21,3.02
28/09/2019,유벤투스,SPAL,2,0,H,1,0,H,17,4,10,1,1.22,6,13,1.26,5.75,12,1.27,5.5,11.5,1.24,6.28,15.05,1.22,5.8,15,1.22,6,18,1.24,6.03,13.13
28/09/2019,삼프도리아,인테르,1,3,A,0,2,A,15,11,2,7,5.25,3.8,1.65,5.25,3.8,1.67,4.95,3.95,1.67,5.35,4.02,1.68,5.5,3.8,1.63,5.75,3.8,1.65,5.15,3.92,1.67
28/09/2019,사수올로,아탈란타,1,4,A,0,4,A,9,10,7,8,3.5,3.6,2.05,3.4,3.7,2.05,3.4,3.75,2.05,3.48,3.97,2.04,3.5,3.8,1.95,3.7,3.6,2,3.39,3.81,2.03
29/09/2019,나폴리,브레시아,2,1,H,2,0,H,16,7,7,3,1.25,6,12,1.28,6,10,1.28,6.4,8.5,1.28,6.19,10.88,1.25,5.8,11,1.22,6,11.5,1.27,6.1,10.19
29/09/2019,라치오,제노아,4,0,H,2,0,H,13,12,11,6,1.44,4.75,7,1.45,4.75,6.75,1.5,4.5,6,1.46,4.94,6.82,1.42,4.6,7,1.4,4.6,7,1.46,4.74,6.56
29/09/2019,레체,로마,0,1,A,0,0,D,10,13,6,6,4.2,4,1.75,4.5,4,1.72,4.15,4.1,1.77,4.58,4.07,1.76,4.5,3.8,1.73,4.2,3.8,1.75,4.34,3.98,1.76
29/09/2019,우디네세,볼로냐,1,0,H,1,0,H,9,10,4,4,2.87,3.2,2.55,2.85,3.2,2.6,2.85,3.3,2.5,2.93,3.34,2.57,2.88,3.3,2.45,2.88,3.1,2.5,2.87,3.26,2.53
29/09/2019,칼리아리,베로나,1,1,D,1,0,H,10,11,5,5,2.05,3.3,3.75,2.05,3.3,3.8,2.1,3.3,3.75,2.08,3.5,3.82,2,3.4,3.8,2,3.13,4,2.08,3.35,3.72
29/09/2019,AC 밀란,피오렌티나,1,3,A,0,1,A,7,13,3,8,2.25,3.2,3.3,2.35,3.2,3.25,2.35,3.2,3.2,2.42,3.2,3.29,2.35,3.1,3.2,2.3,3.1,3.2,2.34,3.19,3.25
30/09/2019,파르마 칼초,토리노,3,2,H,2,2,D,13,6,7,5,3.1,3.4,2.3,3.1,3.3,2.35,3.1,3.35,2.3,3.17,3.43,2.37,3.1,3.3,2.3,3.2,3.1,2.3,3.11,3.32,2.34
05/10/2019,SPAL,파르마 칼초,1,0,H,1,0,H,12,5,7,2,2.37,3.3,3.1,2.35,3.25,3.2,2.4,3.3,3,2.52,3.27,3.06,2.4,3.2,3,2.45,3.13,3.13,2.42,3.23,3.07
05/10/2019,베로나,삼프도리아,2,0,H,1,0,H,6,9,4,3,2.4,3.25,3,2.55,3.2,2.9,2.45,3.3,2.9,2.48,3.38,3.02,2.45,3.25,2.9,2.55,3.25,2.9,2.47,3.3,2.93
05/10/2019,제노아,AC 밀란,1,2,A,1,0,H,11,9,6,7,3,3.2,2.5,2.9,3.3,2.5,2.95,3.25,2.45,3,3.37,2.5,2.9,3.25,2.45,3.1,3.2,2.45,2.96,3.26,2.47
06/10/2019,피오렌티나,우디네세,1,0,H,0,0,D,8,5,4,1,1.55,4,6.5,1.57,4.1,6,1.57,4.05,6,1.57,4.25,6.26,1.55,4,6,1.5,3.9,6.5,1.56,4.1,6.11
06/10/2019,아탈란타,레체,3,1,H,2,0,H,26,5,14,2,1.25,6,10,1.3,5.75,9.25,1.28,6,9.4,1.29,6.29,9.66,1.25,6,11,1.25,6.25,9.5,1.28,6.09,9.64
06/10/2019,볼로냐,라치오,2,2,D,2,2,D,17,8,10,6,3.3,3.75,2.1,3.2,3.7,2.15,3.3,3.65,2.1,3.45,3.8,2.1,3.3,3.7,2.05,3.5,3.4,2.05,3.31,3.7,2.1
06/10/2019,로마,칼리아리,1,1,D,1,1,D,17,6,8,3,1.44,4.75,7,1.44,4.75,7,1.47,4.7,6.3,1.45,4.81,7.38,1.42,4.6,7,1.4,4.6,7,1.45,4.71,6.77
06/10/2019,토리노,나폴리,0,0,D,0,0,D,11,10,6,3,4,3.8,1.83,4.1,3.8,1.83,4.05,3.8,1.85,4.21,3.98,1.85,4,3.7,1.85,4.2,3.6,1.8,4.06,3.8,1.85
06/10/2019,인테르,유벤투스,1,2,A,1,1,D,6,8,4,6,2.6,3.2,2.8,2.65,3.1,2.85,2.6,3.15,2.85,2.65,3.23,2.92,2.6,3.1,2.8,2.63,3,2.8,2.63,3.14,2.84
19/10/2019,라치오,아탈란타,3,3,D,0,3,A,12,18,5,9,2.2,3.75,3.1,2.15,3.75,3.1,2.2,3.7,3.05,2.23,3.78,3.16,2.2,3.6,3.1,2.2,3.6,3.2,2.21,3.7,3.08
19/10/2019,나폴리,베로나,2,0,H,1,0,H,13,14,7,6,1.22,6.5,13,1.2,7,13,1.25,6.1,11,1.21,7.05,16.01,1.18,6.5,17,1.2,6.5,18,1.21,6.66,14.08
19/10/2019,유벤투스,볼로냐,2,1,H,1,1,D,13,7,11,4,1.3,5.25,10,1.34,5,9.75,1.3,5.5,9.6,1.32,5.28,11.1,1.3,5,11,1.33,5,10.5,1.33,5.11,10.07
20/10/2019,사수올로,인테르,3,4,A,1,3,A,7,10,4,7,5.25,3.6,1.72,5.25,3.9,1.67,4.9,3.85,1.7,5.47,3.86,1.69,5.25,3.75,1.67,5,3.7,1.67,5.15,3.79,1.7
20/10/2019,칼리아리,SPAL,2,0,H,1,0,H,13,8,7,5,2.1,3.3,3.75,2.1,3.3,3.7,2.1,3.35,3.6,2.16,3.43,3.63,2.1,3.3,3.6,2.1,3.1,3.7,2.12,3.35,3.6
20/10/2019,삼프도리아,로마,0,0,D,0,0,D,7,5,2,1,3.3,3.6,2.15,3.3,3.5,2.15,3.25,3.55,2.15,3.39,3.63,2.18,3.25,3.5,2.15,3.25,3.4,2.15,3.28,3.54,2.17
20/10/2019,우디네세,토리노,1,0,H,1,0,H,10,8,6,5,2.87,3.2,2.6,2.9,3.2,2.55,2.8,3.15,2.65,2.91,3.23,2.66,2.8,3.1,2.6,2.8,3,2.63,2.83,3.16,2.63
20/10/2019,파르마 칼초,제노아,5,1,H,3,0,H,15,11,7,6,2.45,3.25,3,2.45,3.2,3,2.5,3.2,2.95,2.6,3.21,3.01,2.5,3.2,2.88,2.5,3.1,2.88,2.51,3.21,2.95
20/10/2019,AC 밀란,레체,2,2,D,1,0,H,18,11,8,7,1.4,4.75,8,1.4,5,7.25,1.41,4.7,7.6,1.4,5.09,8.18,1.36,4.8,8.5,1.4,4.33,8,1.4,4.82,7.9
21/10/2019,브레시아,피오렌티나,0,0,D,0,0,D,3,10,1,6,3.75,3.4,2.05,3.7,3.7,1.95,3.65,3.55,2,3.86,3.7,2.01,3.7,3.5,2,3.8,3.4,1.95,3.7,3.57,2
25/10/2019,베로나,사수올로,0,1,A,0,0,D,7,9,5,5,2.4,3.4,3,2.5,3.3,2.85,2.4,3.3,3,2.46,3.32,3.11,2.4,3.2,3,2.45,3.2,3.1,2.44,3.27,3.02
26/10/2019,레체,유벤투스,1,1,D,0,0,D,9,16,5,6,9,5.75,1.3,8.75,5,1.36,8.6,5.1,1.35,9.68,5.32,1.34,10,5,1.32,9.5,4.8,1.36,9.07,5.15,1.34
26/10/2019,인테르,파르마 칼초,2,2,D,1,2,A,16,10,7,5,1.28,5.5,11,1.3,5.5,10.5,1.27,5.7,11,1.27,6,12.76,1.24,5.8,12,1.29,5.75,12,1.27,5.74,11.41
26/10/2019,제노아,브레시아,3,1,H,0,1,A,12,4,11,2,1.9,3.6,4,1.9,3.75,3.9,1.87,3.75,3.9,1.88,3.95,4.1,1.85,3.75,3.9,1.93,3.6,4,1.89,3.79,3.93
27/10/2019,볼로냐,삼프도리아,2,1,H,0,0,D,10,5,6,3,1.9,3.8,3.8,1.9,3.7,4,1.9,3.65,3.9,1.95,3.7,4.1,1.88,3.7,3.9,1.9,3.4,4,1.91,3.66,3.96
27/10/2019,아탈란타,우디네세,7,1,H,3,1,H,23,6,16,3,1.4,5,7.5,1.45,4.5,7,1.45,4.65,7,1.44,4.73,7.87,1.42,4.6,7.5,1.4,4.5,7.5,1.43,4.65,7.41
27/10/2019,SPAL,나폴리,1,1,D,1,1,D,5,9,3,4,7.5,4.5,1.44,7.5,4.6,1.42,7,4.75,1.43,7.61,4.89,1.43,7.5,4.75,1.4,7.5,4.5,1.4,7.28,4.71,1.43
27/10/2019,토리노,칼리아리,1,1,D,0,1,A,8,10,5,5,1.75,3.75,4.75,1.83,3.6,4.5,1.83,3.65,4.4,1.83,3.87,4.47,1.78,3.7,4.33,1.8,3.4,4.5,1.81,3.7,4.42
27/10/2019,로마,AC 밀란,2,1,H,1,0,H,10,8,5,4,2.15,3.4,3.4,2.15,3.5,3.3,2.2,3.5,3.25,2.21,3.54,3.4,2.15,3.4,3.3,2.15,3.3,3.25,2.19,3.47,3.27
27/10/2019,피오렌티나,라치오,1,2,A,1,1,D,9,11,3,8,2.4,3.5,2.87,2.45,3.5,2.8,2.45,3.5,2.8,2.52,3.56,2.84,2.4,3.6,2.75,2.45,3.3,2.8,2.46,3.51,2.8
29/10/2019,파르마 칼초,베로나,0,1,A,0,1,A,15,6,7,2,2.75,3.1,2.75,2.75,3.1,2.75,2.7,3.15,2.75,2.76,3.15,2.86,2.7,3,2.8,2.75,3.1,2.8,2.71,3.11,2.81
29/10/2019,브레시아,인테르,1,2,A,0,1,A,6,6,5,2,6.5,4.33,1.5,6.75,4.4,1.48,6.4,4.2,1.53,6.85,4.37,1.52,6.5,4.33,1.47,7,4.33,1.5,6.55,4.33,1.51
30/10/2019,나폴리,아탈란타,2,2,D,1,1,D,15,12,11,6,2,3.75,3.5,2,3.8,3.5,2,3.8,3.4,2.06,3.83,3.56,2,3.6,3.5,2,3.7,3.6,2.03,3.74,3.46
30/10/2019,칼리아리,볼로냐,3,2,H,0,1,A,12,6,5,3,2.7,3.3,2.62,2.7,3.25,2.7,2.7,3.35,2.6,2.76,3.4,2.68,2.7,3.3,2.6,2.8,3.25,2.63,2.71,3.34,2.63
30/10/2019,유벤투스,제노아,2,1,H,1,1,D,18,7,11,3,1.28,5.25,12,1.26,5.75,11.5,1.28,5.5,11,1.27,5.97,12.91,1.24,5.5,15,1.25,5.75,15,1.27,5.69,11.91
30/10/2019,라치오,토리노,4,0,H,2,0,H,16,6,8,3,1.57,4.2,5.75,1.55,4.25,5.75,1.57,4.15,5.8,1.57,4.2,6.33,1.55,4,6,1.55,4.1,6.5,1.56,4.16,5.94
30/10/2019,삼프도리아,레체,1,1,D,0,1,A,15,9,6,4,1.66,4,4.75,1.75,3.9,4.6,1.75,3.8,4.7,1.75,3.95,4.89,1.7,3.75,4.8,1.7,3.8,5.2,1.73,3.82,4.76
30/10/2019,사수올로,피오렌티나,1,2,A,1,0,H,6,10,5,8,2.87,3.5,2.4,2.8,3.5,2.4,2.8,3.5,2.45,2.85,3.46,2.57,2.75,3.4,2.5,2.8,3.4,2.5,2.81,3.45,2.48
30/10/2019,우디네세,로마,0,4,A,0,1,A,8,10,5,6,4,3.5,1.95,4,3.6,1.91,3.95,3.6,1.93,4.07,3.72,1.95,4,3.6,1.88,4.2,3.5,1.93,3.97,3.59,1.93
31/10/2019,AC 밀란,SPAL,1,0,H,0,0,D,10,5,6,2,1.45,4.2,8,1.45,4.33,7.5,1.48,4.3,7,1.5,4.26,7.69,1.47,4,7.5,1.44,4.2,8,1.47,4.25,7.29
02/11/2019,로마,나폴리,2,1,H,1,0,H,13,12,7,6,2.75,3.6,2.45,2.65,3.6,2.55,2.7,3.6,2.5,2.72,3.68,2.56,2.62,3.6,2.5,2.7,3.5,2.55,2.69,3.58,2.52
02/11/2019,볼로냐,인테르,1,2,A,0,0,D,8,11,3,9,3.75,3.6,2,3.7,3.6,2,3.55,3.55,2.05,3.66,3.64,2.08,3.6,3.5,2,3.8,3.4,2.05,3.61,3.54,2.04
02/11/2019,토리노,유벤투스,0,1,A,0,0,D,7,14,4,10,7,4.2,1.5,6.5,4.1,1.53,6.5,4.05,1.55,6.91,4,1.57,7,4,1.5,7.5,4,1.5,6.57,4.04,1.54
03/11/2019,아탈란타,칼리아리,0,2,A,0,1,A,11,12,3,8,1.28,5.5,11,1.3,5.5,10.5,1.32,5.6,8.9,1.32,5.66,10.18,1.29,5.5,10,1.29,5.5,9.5,1.31,5.59,9.56
03/11/2019,제노아,우디네세,1,3,A,1,1,D,10,13,2,5,1.9,3.4,4.2,1.95,3.4,4.1,1.93,3.5,4.05,1.96,3.63,4.15,1.91,3.5,4,1.9,3.25,4.2,1.93,3.5,4.07
03/11/2019,레체,사수올로,2,2,D,2,1,H,7,12,4,5,2.6,3.4,2.6,2.7,3.25,2.55,2.75,3.35,2.55,2.85,3.37,2.62,2.75,3.25,2.55,2.75,3.2,2.55,2.76,3.32,2.58
03/11/2019,베로나,브레시아,2,1,H,0,0,D,11,11,6,5,2.15,3.3,3.5,2.15,3.25,3.6,2.1,3.25,3.65,2.15,3.26,3.87,2.1,3.2,3.7,2.1,3.1,3.75,2.13,3.23,3.68
03/11/2019,피오렌티나,파르마 칼초,1,1,D,0,1,A,15,7,4,3,1.5,4.33,6.5,1.48,4.33,6.75,1.5,4.4,6.3,1.51,4.44,6.81,1.47,4.33,6.5,1.45,4.2,7,1.5,4.37,6.46
03/11/2019,AC 밀란,라치오,1,2,A,1,1,D,9,8,4,7,3.1,3.2,2.37,3.1,3.4,2.3,3.05,3.4,2.3,3.1,3.6,2.33,3,3.4,2.3,3.1,3.2,2.3,3.05,3.42,2.32
04/11/2019,SPAL,삼프도리아,0,1,A,0,0,D,7,9,2,4,2.62,3.3,2.7,2.65,3.2,2.75,2.65,3.25,2.75,2.65,3.31,2.86,2.55,3.3,2.75,2.6,3,2.8,2.62,3.24,2.77
08/11/2019,사수올로,볼로냐,3,1,H,1,0,H,13,9,8,7,2.7,3.5,2.55,2.7,3.4,2.6,2.7,3.45,2.55,2.77,3.54,2.6,2.7,3.4,2.5,2.75,3.4,2.6,2.73,3.45,2.57
09/11/2019,브레시아,토리노,0,4,A,0,2,A,5,12,3,7,2.8,3.3,2.55,2.85,3.3,2.5,2.7,3.3,2.6,2.85,3.3,2.66,2.75,3.25,2.55,2.8,3.2,2.63,2.78,3.29,2.59
09/11/2019,인테르,베로나,2,1,H,0,1,A,19,5,13,2,1.33,5.25,9.5,1.34,5,9.5,1.35,5,8.9,1.34,5.23,10.45,1.3,5,11,1.3,5.25,11.5,1.33,5.11,9.72
09/11/2019,나폴리,제노아,0,0,D,0,0,D,13,8,8,3,1.4,5,7,1.35,5.25,8.25,1.4,5,7.3,1.4,5.28,7.61,1.36,5,8,1.36,5.2,9,1.38,5.08,7.67
10/11/2019,칼리아리,피오렌티나,5,2,H,3,0,H,12,10,8,7,2.9,3.4,2.37,2.9,3.4,2.45,2.85,3.3,2.5,2.88,3.34,2.61,2.8,3.3,2.5,2.88,3.1,2.5,2.86,3.32,2.5
10/11/2019,라치오,레체,4,2,H,1,1,D,17,18,7,10,1.25,6.5,11,1.22,6.75,11.5,1.25,6.4,10.5,1.26,6.36,11.8,1.24,6,11,1.2,6.5,12,1.24,6.45,11.03
10/11/2019,삼프도리아,아탈란타,0,0,D,0,0,D,5,7,2,3,4,3.6,1.9,3.9,3.8,1.9,3.9,3.8,1.87,4.03,4.02,1.88,3.9,3.8,1.85,4,3.6,1.83,3.91,3.81,1.88
10/11/2019,우디네세,SPAL,0,0,D,0,0,D,11,10,4,4,2.1,3.2,3.8,2.1,3.25,3.75,2.1,3.25,3.65,2.13,3.31,3.87,2.1,3.2,3.7,2.05,3.13,3.8,2.12,3.23,3.72
10/11/2019,파르마 칼초,로마,2,0,H,0,0,D,13,10,8,7,4,3.6,1.9,4,3.7,1.9,3.9,3.75,1.9,4.17,3.94,1.87,3.9,3.75,1.85,4.1,3.5,1.85,3.97,3.72,1.89
10/11/2019,유벤투스,AC 밀란,1,0,H,0,0,D,11,10,5,7,1.4,4.75,8,1.42,4.6,8,1.4,4.7,8,1.42,4.85,8.12,1.38,4.6,8.5,1.36,4.4,9,1.4,4.67,8.01
23/11/2019,아탈란타,유벤투스,1,3,A,0,0,D,14,11,9,5,2.6,3.5,2.6,2.75,3.4,2.55,2.9,3.4,2.4,2.75,3.49,2.63,2.7,3.4,2.55,2.75,3.3,2.63,2.72,3.41,2.55
23/11/2019,AC 밀란,나폴리,1,1,D,1,1,D,11,12,4,6,3.2,3.4,2.25,3.2,3.5,2.2,3.2,3.45,2.2,3.33,3.54,2.24,3.25,3.4,2.2,3.4,3.3,2.25,3.2,3.47,2.22
23/11/2019,토리노,인테르,0,3,A,0,2,A,5,6,2,5,4.5,3.6,1.83,4.5,3.6,1.83,4.25,3.6,1.85,4.32,3.71,1.89,4.5,3.5,1.8,4.75,3.5,1.83,4.36,3.57,1.84
24/11/2019,볼로냐,파르마 칼초,2,2,D,1,1,D,11,11,7,7,1.75,3.9,4.5,1.8,3.8,4.33,1.77,3.8,4.45,1.8,4,4.43,1.73,3.8,4.5,1.73,3.6,4.75,1.78,3.82,4.4
24/11/2019,로마,브레시아,3,0,H,0,0,D,14,5,6,2,1.33,5,9.5,1.34,5.25,9,1.35,5.2,8.4,1.36,5.27,9.29,1.3,5.25,10,1.3,5.2,9.5,1.34,5.21,8.88
24/11/2019,사수올로,라치오,1,2,A,1,1,D,5,10,2,6,4.5,4,1.72,4.4,4,1.75,4.3,4.1,1.75,4.39,4.2,1.77,4.4,4,1.73,4.5,3.8,1.7,4.36,4.06,1.74
24/11/2019,베로나,피오렌티나,1,0,H,0,0,D,13,7,8,2,3.25,3.25,2.3,3.3,3.2,2.3,3.25,3.25,2.3,3.38,3.3,2.32,3.25,3.2,2.25,3.3,3.1,2.25,3.26,3.23,2.29
24/11/2019,삼프도리아,우디네세,2,1,H,1,1,D,19,5,13,2,2.15,3.25,3.6,2.15,3.25,3.6,2.15,3.2,3.65,2.17,3.36,3.67,2.1,3.25,3.6,2.1,3,3.8,2.13,3.23,3.63
25/11/2019,레체,칼리아리,2,2,D,0,1,A,17,6,8,2,3.3,3.5,2.15,3.2,3.4,2.25,3.1,3.55,2.25,3.18,3.64,2.27,3.1,3.5,2.2,3.2,3.3,2.2,3.11,3.52,2.23
25/11/2019,SPAL,제노아,1,1,D,0,0,D,13,13,7,6,2.6,3.1,2.9,2.55,3.2,2.9,2.55,3.25,2.8,2.55,3.32,2.98,2.5,3.2,2.88,2.55,3,2.88,2.55,3.21,2.86
30/11/2019,브레시아,아탈란타,0,3,A,0,1,A,9,19,5,12,6.5,4.5,1.5,6.5,4.75,1.45,6.5,4.3,1.5,6.6,4.83,1.48,7,4.6,1.42,7.5,4.6,1.44,6.47,4.66,1.47
30/11/2019,제노아,토리노,0,1,A,0,0,D,5,10,3,3,2.37,3.3,3,2.45,3.3,2.95,2.4,3.3,3,2.47,3.41,3.02,2.4,3.25,3,2.4,3.2,3.13,2.42,3.3,2.98
30/11/2019,피오렌티나,레체,0,1,A,0,0,D,13,6,6,6,1.4,4.75,7.5,1.42,4.75,7.25,1.45,4.6,6.8,1.44,4.84,7.5,1.4,4.6,8,1.4,4.8,8,1.42,4.74,7.26
01/12/2019,유벤투스,사수올로,2,2,D,1,1,D,17,8,9,4,1.22,6.5,11,1.22,6.5,12.5,1.25,6.2,12,1.25,6.6,12.39,1.22,6,13,1.2,6.25,13,1.23,6.3,12.33
01/12/2019,인테르,SPAL,2,1,H,2,0,H,16,8,10,3,1.28,5.75,10,1.26,5.75,11.5,1.27,5.6,11,1.25,6.07,14.22,1.24,5.5,13,1.22,5.75,13,1.26,5.77,11.86
01/12/2019,라치오,우디네세,3,0,H,3,0,H,15,4,6,0,1.3,5.5,10,1.3,5.5,10.5,1.32,5.4,9.3,1.32,5.52,10.43,1.29,5.25,11,1.25,5.5,11,1.3,5.42,10
01/12/2019,파르마 칼초,AC 밀란,0,1,A,0,0,D,6,19,0,8,3.6,3.4,2.1,3.5,3.3,2.15,3.55,3.35,2.1,3.63,3.43,2.16,3.6,3.3,2.1,3.6,3.2,2.1,3.55,3.33,2.13
01/12/2019,나폴리,볼로냐,1,2,A,1,0,H,20,9,5,6,1.45,4.5,7,1.48,4.6,6.25,1.5,4.5,6.3,1.5,4.54,6.89,1.44,4.5,7,1.44,4.33,7,1.48,4.5,6.56
01/12/2019,베로나,로마,1,3,A,1,2,A,7,12,3,5,4.33,3.5,1.85,4.2,3.7,1.85,4.25,3.6,1.85,4.49,3.69,1.87,4.33,3.5,1.83,4.33,3.4,1.83,4.28,3.57,1.86
02/12/2019,칼리아리,삼프도리아,4,3,H,0,1,A,12,9,8,5,2.1,3.3,3.6,2.15,3.4,3.4,2.15,3.3,3.5,2.18,3.38,3.64,2.15,3.2,3.5,2.1,3.1,3.6,2.17,3.28,3.47
06/12/2019,인테르,로마,0,0,D,0,0,D,9,6,2,2,1.9,3.8,3.8,1.9,3.8,3.8,1.9,3.8,3.8,1.89,3.86,4.15,1.85,3.7,4,1.87,3.7,4.2,1.89,3.78,3.97
07/12/2019,아탈란타,베로나,3,2,H,1,1,D,21,7,10,2,1.33,5.25,9,1.33,5.25,9.5,1.35,5.2,8.8,1.34,5.4,9.62,1.3,5,11,1.3,5.25,11.5,1.33,5.19,9.39
07/12/2019,우디네세,나폴리,1,1,D,1,0,H,5,12,1,3,5.5,3.8,1.65,5,3.7,1.72,5.2,3.8,1.67,5.47,3.91,1.68,5.5,3.7,1.65,5.75,3.7,1.67,5.24,3.78,1.68
07/12/2019,라치오,유벤투스,3,1,H,1,1,D,12,8,8,5,2.9,3.3,2.4,2.9,3.4,2.45,2.85,3.45,2.45,2.87,3.55,2.5,2.8,3.4,2.45,2.9,3.3,2.5,2.84,3.44,2.44
08/12/2019,레체,제노아,2,2,D,0,2,A,22,14,5,4,2.7,3.4,2.62,2.7,3.5,2.55,2.65,3.5,2.55,2.72,3.68,2.56,2.62,3.5,2.55,2.63,3.25,2.6,2.66,3.49,2.55
08/12/2019,사수올로,칼리아리,2,2,D,2,0,H,9,4,3,3,2.37,3.5,2.9,2.5,3.3,2.85,2.4,3.5,2.85,2.41,3.62,2.96,2.35,3.5,2.88,2.38,3.3,2.9,2.4,3.48,2.87
08/12/2019,SPAL,브레시아,0,1,A,0,0,D,18,12,4,7,2.05,3.4,3.8,2.05,3.4,3.8,2.05,3.3,3.8,2.08,3.52,3.79,2,3.4,3.75,2,3.13,4,2.05,3.37,3.75
08/12/2019,토리노,피오렌티나,2,1,H,1,0,H,10,15,5,5,2.4,3.2,3,2.4,3.25,3.1,2.45,3.2,3,2.55,3.26,3.03,2.45,3.2,3,2.4,3.1,3,2.46,3.2,3
08/12/2019,삼프도리아,파르마 칼초,0,1,A,0,1,A,18,10,6,2,2.05,3.3,3.8,2.05,3.4,3.8,2,3.4,3.85,2.03,3.5,3.98,2,3.4,3.8,2,3.13,4,2.02,3.39,3.83
08/12/2019,볼로냐,AC 밀란,2,3,A,1,2,A,11,11,4,7,2.87,3.3,2.5,2.95,3.4,2.4,2.9,3.35,2.4,3.06,3.47,2.41,2.9,3.4,2.38,2.9,3.2,2.4,2.94,3.37,2.41
14/12/2019,브레시아,레체,3,0,H,2,0,H,13,11,9,4,2,3.75,3.6,2.05,3.6,3.5,2,3.7,3.5,2.02,3.89,3.62,2,3.7,3.5,2,3.6,3.7,2.02,3.72,3.52
14/12/2019,나폴리,파르마 칼초,1,2,A,0,1,A,22,7,9,5,1.3,5.5,10,1.33,5.25,9.5,1.33,5.5,8.2,1.31,5.64,10.42,1.29,5.5,10,1.3,5.5,11,1.31,5.5,9.72
14/12/2019,제노아,삼프도리아,0,1,A,0,0,D,5,2,1,1,2.62,3.25,2.75,2.7,3.1,2.8,2.65,3.25,2.75,2.75,3.18,2.85,2.62,3.2,2.7,2.7,3.13,2.8,2.67,3.18,2.77
15/12/2019,베로나,토리노,3,3,D,0,1,A,12,12,8,8,2.75,3.2,2.7,2.8,3.1,2.7,2.75,3.15,2.7,2.79,3.18,2.8,2.7,3.1,2.7,2.75,3,2.7,2.76,3.13,2.71
15/12/2019,볼로냐,아탈란타,2,1,H,1,0,H,8,15,5,7,3.75,3.75,1.95,3.7,3.75,1.95,3.7,3.9,1.9,3.77,4.08,1.93,3.75,3.9,1.85,3.9,3.6,1.87,3.69,3.89,1.91
15/12/2019,유벤투스,우디네세,3,1,H,3,0,H,14,9,12,7,1.22,6,13,1.22,6.25,14.5,1.25,6.1,11,1.22,6.52,15.8,1.22,6,15,1.18,6.25,15,1.22,6.25,14.04
15/12/2019,AC 밀란,사수올로,0,0,D,0,0,D,17,10,12,6,1.57,4.33,5.5,1.57,4.5,5.25,1.55,4.4,5.5,1.54,4.68,5.84,1.52,4.33,5.8,1.5,4.1,6.25,1.55,4.45,5.55
15/12/2019,로마,SPAL,3,1,H,0,1,A,18,5,13,3,1.28,5.5,11,1.28,5.5,11,1.31,5.3,9.9,1.3,5.48,12.36,1.27,5.25,12,1.25,5.25,11.5,1.29,5.42,10.89
15/12/2019,피오렌티나,인테르,1,1,D,0,1,A,10,7,5,5,3.6,3.5,2.05,3.7,3.6,2,3.6,3.45,2.05,3.67,3.54,2.11,3.6,3.4,2.05,3.6,3.3,2.05,3.6,3.49,2.05
16/12/2019,칼리아리,라치오,1,2,A,1,0,H,9,13,4,7,3.8,4,1.85,4,3.9,1.83,3.9,4,1.83,4.09,4.18,1.83,3.9,4,1.8,4.1,3.7,1.8,3.92,4.01,1.82
18/12/2019,삼프도리아,유벤투스,1,2,A,1,2,A,13,10,4,4,6,4.2,1.55,6.25,4.25,1.53,6.2,4.25,1.53,6.42,4.55,1.52,6.5,4.33,1.47,7,4.1,1.53,6.15,4.32,1.53
18/12/2019,브레시아,사수올로,0,2,A,0,1,A,15,11,6,6,2.4,3.5,2.87,2.45,3.5,2.8,2.35,3.6,2.85,2.39,3.72,2.92,2.3,3.6,2.88,2.4,3.4,3,2.37,3.6,2.86
20/12/2019,피오렌티나,로마,1,4,A,1,2,A,7,8,4,6,3.1,3.5,2.3,3.1,3.5,2.25,3.05,3.5,2.3,3.12,3.52,2.34,3,3.4,2.3,3.13,3.3,2.38,3.09,3.48,2.3
21/12/2019,우디네세,칼리아리,2,1,H,1,0,H,9,13,2,2,2.5,3.4,2.8,2.5,3.3,2.85,2.5,3.3,2.85,2.58,3.33,2.9,2.5,3.25,2.8,2.6,3.2,2.9,2.53,3.3,2.84
21/12/2019,인테르,제노아,4,0,H,2,0,H,12,7,9,4,1.36,5,8.5,1.36,5,9,1.33,5.3,8.8,1.36,5.02,9.92,1.33,4.8,10,1.33,5,10,1.35,4.94,9.17
21/12/2019,토리노,SPAL,1,2,A,1,1,D,7,7,6,4,1.7,3.6,5.5,1.7,3.7,5.25,1.7,3.7,5.2,1.7,3.79,5.49,1.67,3.6,5.5,1.67,3.7,5.75,1.7,3.68,5.26
22/12/2019,아탈란타,AC 밀란,5,0,H,1,0,H,14,4,12,1,1.8,3.75,4.5,1.8,3.8,4.25,1.8,3.85,4.25,1.81,3.92,4.45,1.78,3.75,4.33,1.75,3.6,4.5,1.8,3.79,4.32
22/12/2019,레체,볼로냐,2,3,A,0,1,A,7,19,3,16,3.2,3.6,2.2,3.25,3.6,2.15,3.2,3.7,2.15,3.3,3.73,2.16,3.2,3.6,2.15,3.25,3.5,2.1,3.21,3.65,2.15
22/12/2019,파르마 칼초,브레시아,1,1,D,0,0,D,13,11,6,4,2.05,3.4,3.7,2.05,3.4,3.75,2.1,3.4,3.6,2.14,3.36,3.72,2.05,3.3,3.7,2.05,3.2,3.7,2.08,3.36,3.67
22/12/2019,사수올로,나폴리,1,2,A,1,0,H,12,14,5,11,5,4.2,1.65,4.75,4.25,1.65,4.3,4,1.75,4.83,4.48,1.65,4.75,4.2,1.63,5,4,1.62,4.65,4.27,1.66
05/01/2020,브레시아,라치오,1,2,A,1,1,D,4,15,3,7,5.5,4.5,1.55,5.75,4.33,1.55,5.3,4.35,1.57,5.57,4.33,1.6,5.8,4.2,1.55,6,4.2,1.5,5.52,4.34,1.56
05/01/2020,SPAL,베로나,0,2,A,0,1,A,12,14,2,9,2.4,3.25,3.1,2.5,3.2,2.95,2.45,3.2,3.05,2.46,3.27,3.12,2.45,3.1,3,2.4,3,3.1,2.45,3.19,3.02
05/01/2020,제노아,사수올로,2,1,H,1,1,D,10,6,7,3,2.2,3.6,3.1,2.2,3.6,3.1,2.25,3.55,3.05,2.26,3.64,3.17,2.25,3.5,3,2.25,3.3,3.13,2.26,3.53,3.05
05/01/2020,로마,토리노,0,2,A,0,1,A,25,9,11,6,1.5,4.33,6.5,1.5,4.5,6.25,1.5,4.5,6.2,1.49,4.61,6.76,1.47,4.5,6.5,1.5,4.4,6,1.49,4.47,6.34
06/01/2020,볼로냐,피오렌티나,1,1,D,0,1,A,12,7,7,4,2.25,3.4,3.1,2.45,3.4,2.9,2.35,3.45,2.95,2.38,3.47,3.07,2.35,3.4,2.9,2.3,3.25,3,2.38,3.42,2.94
06/01/2020,아탈란타,파르마 칼초,5,0,H,3,0,H,18,3,11,1,1.28,6,9,1.3,5.5,9.75,1.35,5.3,8,1.3,6.02,9.69,1.27,5.8,10,1.25,5.5,11,1.29,5.77,9.4
06/01/2020,유벤투스,칼리아리,4,0,H,0,0,D,15,5,11,3,1.25,6,12,1.26,6,11,1.27,5.8,10.5,1.26,6.22,12.01,1.25,5.8,11,1.22,6,12,1.26,6.01,10.9
06/01/2020,AC 밀란,삼프도리아,0,0,D,0,0,D,14,6,12,4,1.55,3.8,6.5,1.57,4,6.25,1.57,4.05,6.1,1.57,4.08,6.51,1.55,4,6,1.5,3.9,6.5,1.56,3.98,6.19
06/01/2020,레체,우디네세,0,1,A,0,0,D,10,7,6,4,2.7,3.4,2.6,2.75,3.4,2.55,2.7,3.5,2.5,2.72,3.59,2.59,2.62,3.5,2.55,2.7,3.3,2.5,2.69,3.48,2.52
06/01/2020,나폴리,인테르,1,3,A,1,2,A,18,9,8,8,2.5,3.4,2.75,2.5,3.5,2.75,2.55,3.5,2.7,2.6,3.51,2.75,2.55,3.4,2.7,2.55,3.25,2.7,2.53,3.44,2.71
11/01/2020,칼리아리,AC 밀란,0,2,A,0,0,D,6,8,2,4,3.1,3.5,2.25,3.1,3.5,2.25,3.1,3.45,2.25,3.13,3.56,2.31,3.1,3.4,2.25,3.25,3.3,2.3,3.09,3.46,2.28
11/01/2020,라치오,나폴리,1,0,H,0,0,D,7,11,6,7,2.05,3.8,3.3,2.05,3.8,3.3,2.1,3.8,3.25,2.1,3.88,3.33,2.05,3.7,3.3,2.1,3.6,3.5,2.07,3.79,3.3
11/01/2020,인테르,아탈란타,1,1,D,1,0,H,8,12,5,7,2.1,3.6,3.3,2.05,3.7,3.4,2.15,3.65,3.2,2.19,3.66,3.28,2.15,3.5,3.25,2.15,3.5,3.4,2.13,3.62,3.28
12/01/2020,우디네세,사수올로,3,0,H,1,0,H,13,10,9,5,2.2,3.4,3.3,2.25,3.4,3.2,2.2,3.45,3.25,2.22,3.51,3.35,2.2,3.4,3.25,2.2,3.2,3.3,2.21,3.42,3.26
12/01/2020,피오렌티나,SPAL,1,0,H,0,0,D,11,9,5,3,1.45,4.5,7,1.48,4.33,7,1.47,4.45,6.9,1.47,4.63,7.19,1.44,4.33,7.5,1.4,4.2,8,1.46,4.45,6.93
12/01/2020,삼프도리아,브레시아,5,1,H,2,1,H,22,9,11,5,1.95,3.3,4.2,2,3.3,4,2,3.35,3.9,2.03,3.42,4.05,2,3.3,3.9,1.95,3.2,4,1.99,3.35,3.98
12/01/2020,토리노,볼로냐,1,0,H,1,0,H,4,10,3,7,2.2,3.5,3.25,2.25,3.4,3.25,2.3,3.4,3.1,2.32,3.42,3.22,2.25,3.4,3.1,2.25,3.2,3.2,2.27,3.41,3.16
12/01/2020,베로나,제노아,2,1,H,0,1,A,11,3,9,3,2.2,3.3,3.4,2.2,3.3,3.4,2.2,3.35,3.4,2.22,3.36,3.52,2.15,3.3,3.4,2.15,3.13,3.5,2.19,3.32,3.39
12/01/2020,로마,유벤투스,1,2,A,0,2,A,16,5,9,4,3.1,3.5,2.25,3.25,3.6,2.15,3.05,3.55,2.25,3.14,3.71,2.25,3,3.5,2.25,3.1,3.3,2.25,3.1,3.56,2.23
13/01/2020,파르마 칼초,레체,2,0,H,0,0,D,9,11,5,6,1.9,3.8,3.8,1.91,3.8,3.8,1.87,3.8,3.9,1.9,3.94,3.96,1.85,3.75,3.9,1.85,3.5,4.1,1.88,3.81,3.88
18/01/2020,라치오,삼프도리아,5,1,H,3,0,H,16,6,12,4,1.4,4.75,8,1.4,4.75,8,1.4,4.8,7.5,1.41,4.88,8.37,1.38,4.6,8.5,1.36,4.8,9,1.39,4.78,7.95
18/01/2020,사수올로,토리노,2,1,H,0,1,A,7,7,6,3,2.55,3.5,2.7,2.6,3.4,2.7,2.6,3.35,2.7,2.64,3.35,2.8,2.6,3.25,2.7,2.63,3.25,2.8,2.61,3.33,2.72
18/01/2020,나폴리,피오렌티나,0,2,A,0,1,A,10,9,5,5,1.61,4.1,5.5,1.6,4.1,5.5,1.63,4.1,5.2,1.63,4.2,5.45,1.6,4,5.5,1.6,4,6,1.62,4.09,5.33
19/01/2020,AC 밀란,우디네세,3,2,H,0,1,A,19,10,10,7,1.53,4,7,1.53,4.1,6.75,1.55,4,6.3,1.56,4.01,7.03,1.52,3.8,7,1.5,3.8,7,1.54,3.95,6.77
19/01/2020,볼로냐,베로나,1,1,D,1,0,H,5,11,3,8,1.9,3.5,4.2,1.91,3.5,4.1,1.95,3.55,3.9,1.98,3.59,4.05,1.95,3.4,3.9,1.87,3.4,4.1,1.94,3.48,4.02
19/01/2020,브레시아,칼리아리,2,2,D,1,1,D,9,18,6,10,2.45,3.6,2.7,2.45,3.6,2.75,2.45,3.5,2.8,2.5,3.6,2.81,2.45,3.5,2.7,2.45,3.25,2.8,2.47,3.51,2.76
19/01/2020,레체,인테르,1,1,D,0,0,D,8,16,3,10,11,5.25,1.3,9,5.25,1.3,9.2,5.6,1.31,9.69,5.85,1.31,11,5.5,1.27,11.5,5.5,1.25,9.73,5.58,1.3
19/01/2020,제노아,로마,1,3,A,1,2,A,9,14,8,7,4.2,3.4,1.95,4,3.4,1.9,3.95,3.55,1.93,4.2,3.57,1.95,4,3.5,1.91,4.1,3.3,1.9,4.06,3.49,1.93
19/01/2020,유벤투스,파르마 칼초,2,1,H,1,0,H,14,8,6,7,1.22,6.5,13,1.22,6,12,1.22,6.2,13.5,1.23,6.78,14.1,1.2,6.5,13,1.18,6.25,15,1.22,6.46,13.18